fiscalDateEnding,reportedDate,reportedEPS,estimatedEPS,surprise,surprisePercentage,reportTime,symbol,totalRevenue,grossProfit,operatingIncome,netIncome,grossMargin,operatingMargin,netMargin,event_id_x,ticker,revenue_growth,margin_trend,profitability,revenue_growth_regime,eps_surprise_regime,profitability_regime,margin_trend_regime,financial_strength_regime,event_id_reported,event_id_y,CAR_m1_p1,CAR_m2_p2,CAR_m5_p5,eps_bin2
2005-09-30,2005-10-11,0.01,0.01,0.0,0.0,post-market,AAPL,3678000000,1035000000,418000000,430000000,0.2814029363784666,0.1136487221315932,0.1169113648722131,AAPL_2005-09-30,AAPL,,,0.1136487221315932,missing,small,medium,missing,mixed,AAPL_2005-10-11,AAPL_2005-10-11,0.012122451813385397,0.0927763227589544,0.058988294258651895,0
2005-12-31,2006-01-18,0.02,0.02,0.0,0.0,post-market,AAPL,5749000000,1564000000,750000000,565000000,0.2720473125761002,0.1304574708644982,0.0982779613845886,AAPL_2005-12-31,AAPL,0.5630777596519847,-0.0186334034876245,0.1304574708644982,high_growth,small,medium,contraction,mixed,AAPL_2006-01-18,AAPL_2006-01-18,-0.0844189610725117,-0.08870033062142761,-0.06380974245973431,0
2006-03-31,2006-04-19,0.02,0.02,0.0,0.0,post-market,AAPL,4359000000,1297000000,529000000,410000000,0.2975453085570085,0.1213581096581784,0.0940582702454691,AAPL_2006-03-31,AAPL,-0.2417811793355366,-0.0042196911391194,0.1213581096581784,negative_growth,small,medium,stable,mixed,AAPL_2006-04-19,AAPL_2006-04-19,0.0144410693009112,-0.0008143444728051002,-0.0113405781276163,0
2006-06-30,2006-07-19,0.02,0.02,0.0,0.0,post-market,AAPL,4370000000,1325000000,566000000,472000000,0.3032036613272311,0.1295194508009153,0.1080091533180778,AAPL_2006-06-30,AAPL,0.0025235145675612,0.0139508830726086,0.1295194508009153,moderate_growth,small,medium,expansion,mixed,AAPL_2006-07-19,AAPL_2006-07-19,0.15383291184939998,0.20873590387840008,0.1700229861207925,0
2006-09-30,2006-10-18,0.02,0.02,0.0,0.0,post-market,AAPL,4370000000,1412000000,608000000,542000000,0.323112128146453,0.1391304347826087,0.1240274599542334,AAPL_2006-09-30,AAPL,0.0,0.0160183066361555,0.1391304347826087,moderate_growth,small,medium,expansion,mixed,AAPL_2006-10-18,AAPL_2006-10-18,0.053753686751464295,0.06518432126359079,0.06557446145514259,0
2006-12-31,2007-01-17,0.04,0.03,0.01,33.3333,post-market,AAPL,7115000000,2220000000,1322000000,1004000000,0.3120168657765285,0.1858046380885453,0.1411103302881236,AAPL_2006-12-31,AAPL,0.6281464530892449,0.0170828703338901,0.1858046380885453,high_growth,large_positive,medium,expansion,mixed,AAPL_2007-01-17,AAPL_2007-01-17,-0.0341197327133759,-0.0457545946593359,-0.0780338537685185,1
2007-03-31,2007-04-25,0.03,0.02,0.01,50.0,post-market,AAPL,5264000000,1849000000,986000000,770000000,0.3512537993920973,0.1873100303951367,0.1462765957446808,AAPL_2007-03-31,AAPL,-0.2601546029515109,0.0051662654565572,0.1873100303951367,negative_growth,large_positive,medium,expansion,mixed,AAPL_2007-04-25,AAPL_2007-04-25,0.037248397283205996,0.073750933824492,0.0829397289383115,1
2007-06-30,2007-07-25,0.03,0.03,0.0,0.0,post-market,AAPL,5410000000,1995000000,1041000000,818000000,0.3687615526802218,0.1924214417744917,0.1512014787430683,AAPL_2007-06-30,AAPL,0.0277355623100303,0.0049248829983875,0.1924214417744917,moderate_growth,small,medium,stable,mixed,AAPL_2007-07-25,AAPL_2007-07-25,0.043993107473533306,0.037552745501545304,0.04380562678417801,0
2007-09-30,2007-10-22,0.04,0.03,0.01,33.3333,post-market,AAPL,6217000000,2090000000,1060000000,904000000,0.3361750040212321,0.1705002412739263,0.1454077529354994,AAPL_2007-09-30,AAPL,0.1491682070240296,-0.0057937258075689,0.1705002412739263,high_growth,large_positive,medium,contraction,mixed,AAPL_2007-10-22,AAPL_2007-10-22,0.0507101333805169,0.0558833001892351,0.0400452204537017,1
2007-12-31,2008-01-22,0.06,0.06,0.0,0.0,post-market,AAPL,9608000000,3332000000,2126000000,1581000000,0.3467943380516236,0.2212739383846794,0.1645503746877602,AAPL_2007-12-31,AAPL,0.5454399227923437,0.0191426217522608,0.2212739383846794,high_growth,small,medium,expansion,mixed,AAPL_2008-01-22,AAPL_2008-01-22,-0.1327679119437649,-0.19097211274866938,-0.1757055270685392,0
2008-03-31,2008-04-23,0.0425,0.0375,0.005,13.3333,post-market,AAPL,7512000000,2474000000,1315000000,1045000000,0.3293397231096912,0.1750532481363152,0.1391107561235356,AAPL_2008-03-31,AAPL,-0.2181515403830142,-0.0254396185642246,0.1750532481363152,negative_growth,large_positive,medium,contraction,mixed,AAPL_2008-04-23,AAPL_2008-04-23,-0.005913839902686298,0.0450806554041969,0.06649453261421111,1
2008-06-30,2008-07-21,0.0425,0.0375,0.005,13.3333,post-market,AAPL,7464000000,2600000000,1392000000,1072000000,0.3483386923901393,0.1864951768488746,0.1436227224008574,AAPL_2008-06-30,AAPL,-0.0063897763578274,0.0045119662773218,0.1864951768488746,negative_growth,large_positive,medium,stable,mixed,AAPL_2008-07-21,AAPL_2008-07-21,-0.030322291794952203,-0.015624419087899402,-0.0964078571629183,1
2008-09-30,2008-10-21,0.045,0.04,0.005,12.5,post-market,AAPL,7895000000,2739000000,1442000000,1136000000,0.3469284357188094,0.1826472450918302,0.143888537048765,AAPL_2008-09-30,AAPL,0.057743837084673,0.0002658146479075,0.1826472450918302,moderate_growth,large_positive,medium,stable,mixed,AAPL_2008-10-21,AAPL_2008-10-21,0.0672475125334409,0.0912278689459628,0.04611481983752701,1
2008-12-31,2009-01-21,0.0625,0.05,0.0125,25.0,post-market,AAPL,11880000000,4507000000,3101000000,2255000000,0.3793771043771043,0.261026936026936,0.1898148148148148,AAPL_2008-12-31,AAPL,0.5047498416719443,0.0459262777660497,0.261026936026936,high_growth,large_positive,high,expansion,strong_fundamentals,AAPL_2009-01-21,AAPL_2009-01-21,0.123481811461062,0.1164928268562632,0.09785378736935671,1
2009-03-31,2009-04-22,0.0475,0.04,0.0075,18.75,post-market,AAPL,9084000000,3627000000,2323000000,1620000000,0.3992734478203434,0.2557243505063848,0.178335535006605,AAPL_2009-03-31,AAPL,-0.2353535353535353,-0.0114792798082097,0.2557243505063848,negative_growth,large_positive,high,contraction,mixed,AAPL_2009-04-22,AAPL_2009-04-22,0.0127589838001314,-0.014037359107734598,0.010391665159653202,1
2009-06-30,2009-07-21,0.0475,0.0425,0.005,11.7647,post-market,AAPL,9734000000,3983000000,2632000000,1828000000,0.409184302445038,0.2703924388740497,0.1877953564824327,AAPL_2009-06-30,AAPL,0.0715543813298107,0.0094598214758276,0.2703924388740497,moderate_growth,large_positive,high,expansion,strong_fundamentals,AAPL_2009-07-21,AAPL_2009-07-21,0.0046847008209802005,-0.012907031472019,0.0136053240778924,1
2009-09-30,2009-10-19,0.065,0.05,0.015,30.0,post-market,AAPL,9870000000,3614000000,2193000000,1665000000,0.366160081053698,0.2221884498480243,0.168693009118541,AAPL_2009-09-30,AAPL,0.0139716457776863,-0.0191023473638917,0.2221884498480243,moderate_growth,large_positive,medium,contraction,mixed,AAPL_2009-10-19,AAPL_2009-10-19,0.049710521026576304,0.08447757217962731,0.05093064157317131,1
2009-12-31,2010-01-25,0.13,0.075,0.055,73.3333,post-market,AAPL,15683000000,6411000000,4725000000,3378000000,0.4087865841994516,0.3012816425428808,0.2153924631766881,AAPL_2009-12-31,AAPL,0.5889564336372848,0.0466994540581471,0.3012816425428808,high_growth,large_positive,high,expansion,strong_fundamentals,AAPL_2010-01-25,AAPL_2010-01-25,0.0403793183331534,0.0391216358942463,-0.04064921730390461,1
2010-03-31,2010-04-20,0.12,0.0875,0.0325,37.1429,post-market,AAPL,13499000000,5625000000,3979000000,3074000000,0.4166975331506037,0.2947625750055559,0.2277205718942143,AAPL_2010-03-31,AAPL,-0.1392590703309315,0.0123281087175262,0.2947625750055559,negative_growth,large_positive,high,expansion,strong_fundamentals,AAPL_2010-04-20,AAPL_2010-04-20,0.0369073047748901,0.0577229041261577,0.0893829717843974,1
2010-06-30,2010-07-20,0.125,0.11,0.015,13.6364,post-market,AAPL,15700000000,6136000000,4234000000,3253000000,0.390828025477707,0.2696815286624204,0.2071974522292993,AAPL_2010-06-30,AAPL,0.1630491147492407,-0.0205231196649149,0.2696815286624204,high_growth,large_positive,high,contraction,mixed,AAPL_2010-07-20,AAPL_2010-07-20,0.005102562310858101,-0.009539549914943499,-0.0006698672498673969,1
2010-09-30,2010-10-18,0.165,0.145,0.02,13.7931,post-market,AAPL,20343000000,7512000000,5447000000,4308000000,0.3692670697537236,0.2677579511379835,0.2117681757852824,AAPL_2010-09-30,AAPL,0.295732484076433,0.004570723555983,0.2677579511379835,high_growth,large_positive,high,stable,mixed,AAPL_2010-10-18,AAPL_2010-10-18,-0.0083146074859301,-0.0144849359420751,-0.0082000950226465,1
2010-12-31,2011-01-18,0.23,0.1925,0.0375,19.4805,post-market,AAPL,26741000000,10298000000,7827000000,6004000000,0.3851015294865562,0.2926966082046296,0.2245241389626416,AAPL_2010-12-31,AAPL,0.3145062183552081,0.0127559631773591,0.2926966082046296,high_growth,large_positive,high,expansion,strong_fundamentals,AAPL_2011-01-18,AAPL_2011-01-18,-0.0187517179311352,-0.0299329702390759,-0.0380189631016435,1
2011-03-31,2011-04-20,0.2275,0.1925,0.035,18.1818,post-market,AAPL,24667000000,10218000000,7874000000,5987000000,0.4142376454372238,0.3192119025418575,0.2427129363116714,AAPL_2011-03-31,AAPL,-0.0775588048315321,0.0181887973490298,0.3192119025418575,negative_growth,large_positive,high,expansion,strong_fundamentals,AAPL_2011-04-20,AAPL_2011-04-20,0.022509707299015698,0.0466979321421091,0.035667524195962794,1
2011-06-30,2011-07-19,0.2775,0.2075,0.07,33.7349,post-market,AAPL,28571000000,11922000000,9379000000,7308000000,0.4172762591438871,0.3282699240488607,0.2557838367575513,AAPL_2011-06-30,AAPL,0.1582681315117362,0.0130709004458798,0.3282699240488607,high_growth,large_positive,high,expansion,strong_fundamentals,AAPL_2011-07-19,AAPL_2011-07-19,0.051474824255922,0.0455969508252847,0.0748646058120284,1
2011-09-30,2011-10-18,0.2525,0.265,-0.0125,-4.717,post-market,AAPL,28270000000,11380000000,8710000000,6623000000,0.4025468694729395,0.3081004598514326,0.2342766183233109,AAPL_2011-09-30,AAPL,-0.0105351580273703,-0.0215072184342403,0.3081004598514326,negative_growth,moderate_negative,high,contraction,mixed,AAPL_2011-10-18,AAPL_2011-10-18,-0.0422458513073471,-0.0510635615888452,-0.0459381457730266,0
2011-12-31,2012-01-24,0.495,0.3625,0.1325,36.5517,post-market,AAPL,46333000000,20703000000,17340000000,13064000000,0.4468305527377895,0.374247296743142,0.2819588630134029,AAPL_2011-12-31,AAPL,0.6389458790236999,0.0476822446900919,0.374247296743142,high_growth,large_positive,high,expansion,strong_fundamentals,AAPL_2012-01-24,AAPL_2012-01-24,0.0524162747182224,0.050827474479306196,0.0259718369686323,1
2012-03-31,2012-04-24,0.44,0.3575,0.0825,23.0769,post-market,AAPL,39186000000,18564000000,15384000000,11622000000,0.4737406216505895,0.3925891900168427,0.2965855152350329,AAPL_2012-03-31,AAPL,-0.1542529082943042,0.01462665222163,0.3925891900168427,negative_growth,large_positive,high,expansion,strong_fundamentals,AAPL_2012-04-24,AAPL_2012-04-24,0.050862227482148206,0.0387297249180865,-0.03357914754821009,1
2012-06-30,2012-07-24,0.3325,0.37,-0.0375,-10.1351,post-market,AAPL,35023000000,14994000000,11573000000,8824000000,0.4281186648773663,0.3304399965736802,0.2519487194129572,AAPL_2012-06-30,AAPL,-0.1062369213494615,-0.0446367958220756,0.3304399965736802,negative_growth,large_negative,high,contraction,mixed,AAPL_2012-07-24,AAPL_2012-07-24,-0.025688557683321102,-0.0449529130769293,-0.05759530049082889,0
2012-09-30,2012-10-25,0.31,0.3125,-0.0025,-0.8,post-market,AAPL,37472000000,13871000000,10030000000,7512000000,0.3701697267292912,0.2676665243381725,0.2004696840307429,AAPL_2012-09-30,AAPL,0.0699254775433286,-0.0514790353822143,0.2676665243381725,moderate_growth,small,high,contraction,mixed,AAPL_2012-10-25,AAPL_2012-10-25,-0.0176103179462851,-0.0423292053491773,-0.007459838028426704,0
2012-12-31,2013-01-23,0.4925,0.48,0.0125,2.6042,post-market,AAPL,54512000000,21060000000,17210000000,13078000000,0.3863369533313766,0.3157103023187555,0.2399104784267684,AAPL_2012-12-31,AAPL,0.4547395388556789,0.0394407943960255,0.3157103023187555,high_growth,small,high,expansion,mixed,AAPL_2013-01-23,AAPL_2013-01-23,-0.0892744891240837,-0.121210482907119,-0.10202748626280429,1
2013-03-31,2013-04-23,0.36,0.3575,0.0025,0.6993,post-market,AAPL,43603000000,16349000000,12558000000,9547000000,0.3749512648212278,0.2880077058917964,0.2189528243469486,AAPL_2013-03-31,AAPL,-0.2001210742588788,-0.0209576540798198,0.2880077058917964,negative_growth,small,high,contraction,mixed,AAPL_2013-04-23,AAPL_2013-04-23,0.0154976832978733,0.016332308392737,0.024017362242229598,1
2013-06-30,2013-07-23,0.2675,0.2625,0.005,1.9048,post-market,AAPL,35323000000,13024000000,9201000000,6900000000,0.3687116043371174,0.2604818390283951,0.1953401466466608,AAPL_2013-06-30,AAPL,-0.1898951906978877,-0.0236126777002878,0.2604818390283951,negative_growth,small,high,contraction,mixed,AAPL_2013-07-23,AAPL_2013-07-23,0.0470420589807632,0.037571413133730996,0.0428967731778719,1
2013-09-30,2013-10-28,0.295,0.285,0.01,3.5088,post-market,AAPL,37472000000,13871000000,10030000000,7512000000,0.3701697267292912,0.2676665243381725,0.2004696840307429,AAPL_2013-09-30,AAPL,0.0608385471222716,0.005129537384082,0.2676665243381725,moderate_growth,moderate_positive,high,expansion,strong_fundamentals,AAPL_2013-10-28,AAPL_2013-10-28,-0.0191686681057629,0.000442074138841099,0.0005852088529597985,1
2013-12-31,2014-01-27,0.5175,0.5025,0.015,2.9851,post-market,AAPL,57594000000,21846000000,17463000000,13072000000,0.3793103448275862,0.3032086675695385,0.2269680869535021,AAPL_2013-12-31,AAPL,0.5369876174210078,0.0264984029227592,0.3032086675695385,high_growth,small,high,expansion,mixed,AAPL_2014-01-27,AAPL_2014-01-27,-0.06910095922977709,-0.0741743732318458,-0.0787464023682636,1
2014-03-31,2014-04-23,0.415,0.365,0.05,13.6986,post-market,AAPL,45646000000,17947000000,13593000000,10223000000,0.3931779345397187,0.2977917013538974,0.223962669237173,AAPL_2014-03-31,AAPL,-0.2074521651560926,-0.003005417716329,0.2977917013538974,negative_growth,large_positive,high,stable,mixed,AAPL_2014-04-23,AAPL_2014-04-23,0.06714891391893721,0.0923130820987067,0.13127787297932042,1
2014-06-30,2014-07-22,0.32,0.3075,0.0125,4.065,post-market,AAPL,37432000000,14735000000,10282000000,7748000000,0.3936471468262449,0.2746847617012182,0.2069886727933319,AAPL_2014-06-30,AAPL,-0.1799500503877666,-0.016973996443841,0.2746847617012182,negative_growth,moderate_positive,high,contraction,mixed,AAPL_2014-07-22,AAPL_2014-07-22,0.0205846011325824,0.0177873358486823,0.0185618855363376,1
2014-09-30,2014-10-20,0.355,0.3275,0.0275,8.3969,post-market,AAPL,42123000000,16009000000,11165000000,8467000000,0.3800536523989269,0.2650570946988581,0.2010065759798684,AAPL_2014-09-30,AAPL,0.1253205813207949,-0.0059820968134635,0.2650570946988581,high_growth,moderate_positive,high,contraction,mixed,AAPL_2014-10-20,AAPL_2014-10-20,0.0122636845769824,0.0224842449762191,-0.002671956462019502,1
2014-12-31,2015-01-27,0.765,0.65,0.115,17.6923,post-market,AAPL,74599000000,29741000000,24246000000,18024000000,0.3986782664646979,0.3250177616321935,0.2416118178527862,AAPL_2014-12-31,AAPL,0.7709802245803956,0.0406052418729178,0.3250177616321935,high_growth,large_positive,high,expansion,strong_fundamentals,AAPL_2015-01-27,AAPL_2015-01-27,0.0451570609913967,0.0659135243409168,0.0710725077968673,1
2015-03-31,2015-04-27,0.5825,0.54,0.0425,7.8704,post-market,AAPL,58010000000,23656000000,18278000000,13569000000,0.4077917600413722,0.3150836062747802,0.2339079469057059,AAPL_2015-03-31,AAPL,-0.2223756350621322,-0.0077038709470803,0.3150836062747802,negative_growth,moderate_positive,high,contraction,mixed,AAPL_2015-04-27,AAPL_2015-04-27,0.009511422037779802,0.001490648203301203,0.013509620791212405,1
2015-06-30,2015-07-21,0.4625,0.4525,0.01,2.2099,post-market,AAPL,49605000000,19681000000,14083000000,10677000000,0.3967543594395726,0.2839028323757686,0.2152403991533111,AAPL_2015-06-30,AAPL,-0.1448888122737459,-0.0186675477523947,0.2839028323757686,negative_growth,small,high,contraction,mixed,AAPL_2015-07-21,AAPL_2015-07-21,-0.0265064310907432,-0.022101319020817203,-0.018398232780346,1
2015-09-30,2015-10-27,0.49,0.47,0.02,4.2553,post-market,AAPL,51501000000,20548000000,14623000000,11124000000,0.3989825440282712,0.2839362342478786,0.2159958059066814,AAPL_2015-09-30,AAPL,0.0382219534321137,0.0007554067533702,0.2839362342478786,moderate_growth,moderate_positive,high,stable,mixed,AAPL_2015-10-27,AAPL_2015-10-27,-0.0119792826915259,0.0037977052773271007,-0.0009584702676266022,1
2015-12-31,2016-01-26,0.82,0.8075,0.0125,1.548,post-market,AAPL,75872000000,30423000000,24171000000,18361000000,0.4009779628848587,0.3185760227752003,0.241999683677773,AAPL_2015-12-31,AAPL,0.473214112347333,0.0260038777710915,0.3185760227752003,high_growth,small,high,expansion,mixed,AAPL_2016-01-26,AAPL_2016-01-26,-0.0469309948237783,-0.0486300229712068,-0.0186043845819992,1
2016-03-31,2016-04-26,0.475,0.5,-0.025,-5.0,post-market,AAPL,50557000000,19921000000,13987000000,10516000000,0.394030500227466,0.276658029550804,0.2080028482702692,AAPL_2016-03-31,AAPL,-0.3336540489245044,-0.0339968354075037,0.276658029550804,negative_growth,moderate_negative,high,contraction,mixed,AAPL_2016-04-26,AAPL_2016-04-26,-0.0642966137940087,-0.0818418272229416,-0.0897107525393654,0
2016-06-30,2016-07-26,0.355,0.345,0.01,2.8986,post-market,AAPL,42358000000,16106000000,10105000000,7796000000,0.3802351385806695,0.2385617828981538,0.1840502384437414,AAPL_2016-06-30,AAPL,-0.1621733884526376,-0.0239526098265278,0.2385617828981538,negative_growth,small,medium,contraction,mixed,AAPL_2016-07-26,AAPL_2016-07-26,0.0388411857910424,0.0501954010654487,0.03395601759249341,1
2016-09-30,2016-10-25,0.4175,0.415,0.0025,0.6024,post-market,AAPL,46852000000,17813000000,11761000000,9014000000,0.380197216767694,0.2510245026893196,0.1923930675318022,AAPL_2016-09-30,AAPL,0.1060956607960716,0.0083428290880607,0.2510245026893196,high_growth,small,high,expansion,mixed,AAPL_2016-10-25,AAPL_2016-10-25,-0.009222691243179003,-0.013826373305124002,-0.0244209443214793,1
2016-12-31,2017-01-31,0.84,0.8025,0.0375,4.6729,post-market,AAPL,78351000000,30176000000,23359000000,17891000000,0.3851386708529565,0.2981327615473957,0.2283442457658485,AAPL_2016-12-31,AAPL,0.6723085460599334,0.0359511782340463,0.2981327615473957,high_growth,moderate_positive,high,expansion,strong_fundamentals,AAPL_2017-01-31,AAPL_2017-01-31,0.0573012556045429,0.0559356401659675,0.0536962327286638,1
2017-03-31,2017-05-02,0.525,0.505,0.02,3.9604,post-market,AAPL,52896000000,20591000000,14097000000,11029000000,0.3892732909860859,0.2665040834845735,0.2085034785238959,AAPL_2017-03-31,AAPL,-0.324884175058391,-0.0198407672419526,0.2665040834845735,negative_growth,moderate_positive,high,contraction,mixed,AAPL_2017-05-02,AAPL_2017-05-02,0.0165111340668689,0.0110848305751912,0.016643779154505902,1
2017-06-30,2017-08-01,0.4175,0.3925,0.025,6.3694,post-market,AAPL,45408000000,17488000000,10768000000,8717000000,0.3851303735024665,0.2371388301620859,0.1919705778717406,AAPL_2017-06-30,AAPL,-0.1415607985480943,-0.0165329006521552,0.2371388301620859,negative_growth,moderate_positive,medium,contraction,mixed,AAPL_2017-08-01,AAPL_2017-08-01,0.0526673278153199,0.0469050233988026,0.0330178989634754,1
2017-09-30,2017-11-02,0.5175,0.4675,0.05,10.6952,post-market,AAPL,52579000000,19931000000,13120000000,10714000000,0.3790676886209323,0.2495292797504707,0.2037695657962304,AAPL_2017-09-30,AAPL,0.1579237138830163,0.0117989879244898,0.2495292797504707,high_growth,large_positive,medium,expansion,mixed,AAPL_2017-11-02,AAPL_2017-11-02,0.0151927863049339,0.0241141286609855,0.0609797137635376,1
2017-12-31,2018-02-01,0.9725,0.965,0.0075,0.7772,post-market,AAPL,88293000000,33912000000,26274000000,20065000000,0.384084808535218,0.2975773843906085,0.2272547087538083,AAPL_2017-12-31,AAPL,0.6792445653207555,0.0234851429575778,0.2975773843906085,high_growth,small,high,expansion,mixed,AAPL_2018-02-01,AAPL_2018-02-01,-0.007620366332448501,-0.0015724930454002993,0.0249454825605767,1
2018-03-31,2018-05-01,0.6825,0.6725,0.01,1.487,post-market,AAPL,61137000000,23422000000,15894000000,13822000000,0.3831067929404452,0.2599735021345503,0.2260824050902072,AAPL_2018-03-31,AAPL,-0.3075668512792633,-0.0011723036636011,0.2599735021345503,negative_growth,small,high,stable,mixed,AAPL_2018-05-01,AAPL_2018-05-01,0.0895124311129117,0.09367076612751289,0.090439832941331,1
2018-06-30,2018-07-31,0.585,0.545,0.04,7.3394,post-market,AAPL,53265000000,20421000000,12612000000,11519000000,0.3833849619825401,0.2367783722894959,0.2162583309865765,AAPL_2018-06-30,AAPL,-0.1287599980371951,-0.0098240741036306,0.2367783722894959,negative_growth,moderate_positive,medium,contraction,mixed,AAPL_2018-07-31,AAPL_2018-07-31,0.0563814529836021,0.0724153553233062,0.07615104623146521,1
2018-09-30,2018-11-01,0.73,0.7,0.03,4.2857,post-market,AAPL,62900000000,24084000000,16118000000,14125000000,0.3828934817170111,0.256248012718601,0.2245627980922098,AAPL_2018-09-30,AAPL,0.1808880127663568,0.0083044671056332,0.256248012718601,high_growth,moderate_positive,high,expansion,strong_fundamentals,AAPL_2018-11-01,AAPL_2018-11-01,-0.0559013861723789,-0.0678265829020846,-0.09404257009380229,1
2018-12-31,2019-01-29,1.05,1.04,0.01,0.9615,post-market,AAPL,84310000000,32031000000,23346000000,19965000000,0.3799193452733958,0.2769066540149448,0.2368046495077689,AAPL_2018-12-31,AAPL,0.3403815580286169,0.012241851415559,0.2769066540149448,high_growth,small,high,expansion,mixed,AAPL_2019-01-29,AAPL_2019-01-29,0.0470432337664986,0.038794584041968096,0.0460279458741932,1
2019-03-31,2019-04-30,0.62,0.59,0.03,5.0847,post-market,AAPL,58015000000,21821000000,13415000000,11561000000,0.3761268637421356,0.2312333017323106,0.1992760492975954,AAPL_2019-03-31,AAPL,-0.3118847111849128,-0.0375286002101734,0.2312333017323106,negative_growth,moderate_positive,medium,contraction,mixed,AAPL_2019-04-30,AAPL_2019-04-30,0.053665978698333304,0.051428999614006,0.0269369655937686,1
2019-06-30,2019-07-30,0.55,0.53,0.02,3.7736,post-market,AAPL,53809000000,20227000000,11544000000,10044000000,0.3759036592391607,0.2145366016837332,0.1866602241260755,AAPL_2019-06-30,AAPL,-0.0724984917693699,-0.0126158251715199,0.2145366016837332,negative_growth,moderate_positive,medium,contraction,mixed,AAPL_2019-07-30,AAPL_2019-07-30,0.0463188513448317,0.0336988808330285,0.021160062852604297,1
2019-09-30,2019-10-30,0.76,0.71,0.05,7.0423,post-market,AAPL,64040000000,24313000000,15625000000,13686000000,0.3796533416614616,0.2439881324172392,0.2137101811367895,AAPL_2019-09-30,AAPL,0.1901354791949301,0.027049957010714,0.2439881324172392,high_growth,moderate_positive,medium,expansion,mixed,AAPL_2019-10-30,AAPL_2019-10-30,0.002270080393964903,0.011378015688326104,0.012416724931391702,1
2019-12-31,2020-01-28,1.25,1.14,0.11,9.6491,post-market,AAPL,91819000000,35217000000,25569000000,22236000000,0.3835480673934588,0.2784717759940753,0.2421720994565395,AAPL_2019-12-31,AAPL,0.4337757651467833,0.02846191831975,0.2784717759940753,high_growth,moderate_positive,high,expansion,strong_fundamentals,AAPL_2020-01-28,AAPL_2020-01-28,0.0194463424901044,0.0129704085281262,-0.004903059759001002,1
2020-03-31,2020-04-30,0.64,0.56,0.08,14.2857,post-market,AAPL,58313000000,22370000000,12853000000,11249000000,0.3836194330595236,0.2204139728705434,0.1929072419529093,AAPL_2020-03-31,AAPL,-0.3649135799780002,-0.0492648575036302,0.2204139728705434,negative_growth,large_positive,medium,contraction,mixed,AAPL_2020-04-30,AAPL_2020-04-30,0.0338899139243351,0.032601316215661605,0.020373158675125,1
2020-06-30,2020-07-30,0.65,0.51,0.14,27.451,post-market,AAPL,59685000000,22680000000,13091000000,11253000000,0.3799949736114602,0.2193348412498952,0.1885398341291781,AAPL_2020-06-30,AAPL,0.0235282012587245,-0.0043674078237311,0.2193348412498952,moderate_growth,large_positive,medium,stable,mixed,AAPL_2020-07-30,AAPL_2020-07-30,0.0983723076132957,0.0950612899541019,0.1106118215466216,1
2020-09-30,2020-10-29,0.73,0.7,0.03,4.2857,post-market,AAPL,64698000000,24689000000,14775000000,12673000000,0.3816037590033695,0.2283687285542057,0.1958793162076107,AAPL_2020-09-30,AAPL,0.0839909525006283,0.0073394820784326,0.2283687285542057,moderate_growth,moderate_positive,medium,expansion,mixed,AAPL_2020-10-29,AAPL_2020-10-29,-0.0108092149791179,-0.0069690543724777,-0.0047354965062629,1
2020-12-31,2021-01-27,1.68,1.42,0.26,18.3099,post-market,AAPL,111439000000,44328000000,33534000000,28755000000,0.3977781566596972,0.3009179910085338,0.258033543014564,AAPL_2020-12-31,AAPL,0.7224489165043742,0.0621542268069532,0.3009179910085338,high_growth,large_positive,high,expansion,strong_fundamentals,AAPL_2021-01-27,AAPL_2021-01-27,-0.0106028946286442,-0.002199424672164902,-0.0104892469576905,1
2021-03-31,2021-04-28,1.4,0.98,0.42,42.8571,post-market,AAPL,89584000000,38079000000,27503000000,23630000000,0.4250647437042329,0.30700794784783,0.2637747812109305,AAPL_2021-03-31,AAPL,-0.1961162609140426,0.0057412381963665,0.30700794784783,negative_growth,large_positive,high,expansion,strong_fundamentals,AAPL_2021-04-28,AAPL_2021-04-28,-0.0008560762880399999,-0.0108148980719046,0.0065154966599613,1
2021-06-30,2021-07-27,1.3,1.01,0.29,28.7129,post-market,AAPL,81434000000,35255000000,24126000000,21744000000,0.4329272785323084,0.296264459562345,0.2670137780288332,AAPL_2021-06-30,AAPL,-0.090976067154849,0.0032389968179026,0.296264459562345,negative_growth,large_positive,high,stable,mixed,AAPL_2021-07-27,AAPL_2021-07-27,-0.014527544210279101,-0.009734290876992902,0.010096220627959299,1
2021-09-30,2021-10-28,1.24,1.24,0.0,0.0,post-market,AAPL,83360000000,35174000000,23786000000,20551000000,0.4219529750479846,0.2853406909788867,0.2465331094049904,AAPL_2021-09-30,AAPL,0.0236510548419579,-0.0204806686238427,0.2853406909788867,moderate_growth,small,high,contraction,mixed,AAPL_2021-10-28,AAPL_2021-10-28,-0.0166436016742072,-0.0130683625076596,-0.0340111179035672,0
2021-12-31,2022-01-27,2.1,1.89,0.21,11.1111,post-market,AAPL,123945000000,54243000000,41488000000,34630000000,0.4376376618661503,0.3347291137197951,0.2793981201339304,AAPL_2021-12-31,AAPL,0.4868642034548944,0.0328650107289399,0.3347291137197951,high_growth,large_positive,high,expansion,strong_fundamentals,AAPL_2022-01-27,AAPL_2022-01-27,0.0449943227335127,0.054709700556294996,0.0239094440172554,1
2022-03-31,2022-04-28,1.52,1.43,0.09,6.2937,post-market,AAPL,97278000000,42559000000,29979000000,25010000000,0.437498715022924,0.3081786220933818,0.2570982133678735,AAPL_2022-03-31,AAPL,-0.2151518818830933,-0.0222999067660569,0.3081786220933818,negative_growth,moderate_positive,high,contraction,mixed,AAPL_2022-04-28,AAPL_2022-04-28,0.0100087072618814,0.004549288768862801,-0.01101769585235,1
2022-06-30,2022-07-28,1.2,1.15,0.05,4.3478,post-market,AAPL,82959000000,35885000000,23076000000,19442000000,0.4325630733253776,0.2781615014645789,0.2343567304331055,AAPL_2022-06-30,AAPL,-0.1471966940109788,-0.0227414829347679,0.2781615014645789,negative_growth,moderate_positive,high,contraction,mixed,AAPL_2022-07-28,AAPL_2022-07-28,0.005769699288202701,0.014507013992070598,-0.0006069412498359997,1
2022-09-30,2022-10-27,1.29,1.27,0.02,1.5748,post-market,AAPL,90146000000,38095000000,24894000000,20721000000,0.4225922392563175,0.276152020056353,0.2298604486055953,AAPL_2022-09-30,AAPL,0.086633156137369,-0.0044962818275102,0.276152020056353,moderate_growth,small,high,stable,mixed,AAPL_2022-10-27,AAPL_2022-10-27,0.0305408704778862,0.026596366277182,0.016183751362580996,1
2022-12-31,2023-02-02,1.88,1.95,-0.07,-3.5897,post-market,AAPL,117154000000,50332000000,36016000000,29998000000,0.4296225480990832,0.3074244157263089,0.2560561312460522,AAPL_2022-12-31,AAPL,0.2996028664610741,0.0261956826404569,0.3074244157263089,high_growth,moderate_negative,high,expansion,mixed,AAPL_2023-02-02,AAPL_2023-02-02,0.029815435640715704,0.020596669084144103,0.015056384565418204,0
2023-03-31,2023-05-04,1.52,1.43,0.09,6.2937,post-market,AAPL,94836000000,41976000000,28318000000,24160000000,0.4426167278248766,0.2985996878822388,0.2547555780505293,AAPL_2023-03-31,AAPL,-0.1905013913310684,-0.0013005531955229,0.2985996878822388,negative_growth,moderate_positive,high,stable,mixed,AAPL_2023-05-04,AAPL_2023-05-04,0.0158665653281726,0.0208931815609572,0.015201495449495298,1
2023-06-30,2023-08-03,1.26,1.19,0.07,5.8824,post-market,AAPL,81797000000,36413000000,22998000000,19881000000,0.4451630255388339,0.2811594557257601,0.2430529237013582,AAPL_2023-06-30,AAPL,-0.1374899827069888,-0.011702654349171,0.2811594557257601,negative_growth,moderate_positive,high,contraction,mixed,AAPL_2023-08-03,AAPL_2023-08-03,-0.0470775310713092,-0.0480766851991873,-0.0597244474094006,1
2023-09-30,2023-11-02,1.46,1.39,0.07,5.036,post-market,AAPL,89498000000,40427000000,26969000000,22956000000,0.4517084180652082,0.3013363427115689,0.2564973518961317,AAPL_2023-09-30,AAPL,0.0941477071286231,0.0134444281947735,0.3013363427115689,moderate_growth,moderate_positive,high,expansion,strong_fundamentals,AAPL_2023-11-02,AAPL_2023-11-02,-0.005265545456397697,-0.006017160084862999,0.0168516448895321,1
2023-12-31,2024-02-01,2.18,2.11,0.07,3.3175,post-market,AAPL,119575000000,54855000000,40373000000,33916000000,0.4587497386577462,0.337637466025507,0.2836378841731131,AAPL_2023-12-31,AAPL,0.3360633757178932,0.0271405322769813,0.337637466025507,high_growth,moderate_positive,high,expansion,strong_fundamentals,AAPL_2024-02-01,AAPL_2024-02-01,-0.0176962224179981,-0.029968786722605098,-0.022908257357830503,1
2024-03-31,2024-05-02,1.53,1.5,0.03,2.0,post-market,AAPL,90753000000,42271000000,27900000000,23636000000,0.4657807455400923,0.3074278536246735,0.2604431809416768,AAPL_2024-03-31,AAPL,-0.2410370060631402,-0.0231947032314362,0.3074278536246735,negative_growth,small,high,contraction,mixed,AAPL_2024-05-02,AAPL_2024-05-02,0.0573438714832742,0.056217285984520304,0.0702790510432769,1
2024-06-30,2024-08-01,1.4,1.34,0.06,4.4776,post-market,AAPL,85777000000,39678000000,25352000000,21448000000,0.462571551814589,0.2955570840668244,0.2500437180129871,AAPL_2024-06-30,AAPL,-0.0548301433561424,-0.0103994629286897,0.2955570840668244,negative_growth,moderate_positive,high,contraction,mixed,AAPL_2024-08-01,AAPL_2024-08-01,0.020420517902073502,0.0328516469408483,-0.0065441886176461975,1
2024-09-30,2024-10-31,0.97,0.95,0.02,2.1053,post-market,AAPL,94930000000,43879000000,29591000000,14736000000,0.4622247972190035,0.311713894448541,0.1552301695986516,AAPL_2024-09-30,AAPL,0.1067069260990709,-0.0948135484143354,0.311713894448541,high_growth,small,high,contraction,mixed,AAPL_2024-10-31,AAPL_2024-10-31,-0.0313486025842735,-0.037565865257986594,-0.0409856604121595,1
2024-12-31,2025-01-30,2.4,2.34,0.06,2.5641,post-market,AAPL,124300000000,58275000000,42832000000,36330000000,0.4688254223652454,0.3445856798069187,0.2922767497988737,AAPL_2024-12-31,AAPL,0.3093858632676709,0.1370465802002221,0.3445856798069187,high_growth,small,high,expansion,mixed,AAPL_2025-01-30,AAPL_2025-01-30,-0.0071785616013052,0.0157851632581013,0.0524968816738238,1
2025-03-31,2025-05-01,1.65,1.62,0.03,1.8519,post-market,AAPL,95359000000,44867000000,29589000000,24780000000,0.4705061923887624,0.3102905861009448,0.2598601075934101,AAPL_2025-03-31,AAPL,-0.2328318584070796,-0.0324166422054635,0.3102905861009448,negative_growth,small,high,contraction,mixed,AAPL_2025-05-01,AAPL_2025-05-01,-0.0454387266561802,-0.0438602589613923,-0.0642174757942364,1
2025-06-30,2025-07-31,1.57,1.43,0.14,9.7902,post-market,AAPL,94036000000,43718000000,28202000000,23434000000,0.4649070568718363,0.2999064188183249,0.2492024331107235,AAPL_2025-06-30,AAPL,-0.0138738871003261,-0.0106576744826866,0.2999064188183249,negative_growth,moderate_positive,high,contraction,mixed,AAPL_2025-07-31,AAPL_2025-07-31,-0.0150300729944676,-0.0224351347813068,-0.0326814066532312,1
2025-09-30,2025-10-30,1.85,1.76,0.09,5.1136,post-market,AAPL,102466000000,48341000000,32427000000,27466000000,0.4717760037475845,0.3164659496808698,0.2680498897195167,AAPL_2025-09-30,AAPL,0.0896465183546726,0.0188474566087932,0.3164659496808698,moderate_growth,moderate_positive,high,expansion,strong_fundamentals,AAPL_2025-10-30,AAPL_2025-10-30,0.010683790395359999,0.0027996564850175983,0.0221691872684755,1
2005-09-30,2005-10-20,0.038,0.034,0.004,11.7647,pre-market,GOOGL,1578456000,923302000,529171000,381182000,0.5849399666509552,0.3352459618766693,0.2414904184848991,GOOGL_2005-09-30,GOOGL,,,0.3352459618766693,missing,large_positive,high,missing,mixed,GOOGL_2005-10-20,GOOGL_2005-10-20,0.10454801802618541,0.09952633141295371,0.13173169045139402,1
2005-12-31,2006-01-31,0.0385,0.044,-0.0055,-12.5,pre-market,GOOGL,1919092000,1143711000,569639000,372208000,0.5959646541176765,0.2968273537693868,0.1939500555471024,GOOGL_2005-12-31,GOOGL,0.2158032913175913,-0.0475403629377967,0.2968273537693868,high_growth,large_negative,high,contraction,mixed,GOOGL_2006-01-31,GOOGL_2006-01-31,-0.0749437271061772,-0.0886151624102256,-0.14506731636961048,0
2006-03-31,2006-04-20,0.0575,0.0495,0.008,16.1616,pre-market,GOOGL,2253800000,1349681000,742699000,592291000,0.5988468364539888,0.3295319016771674,0.2627966101694915,GOOGL_2006-03-31,GOOGL,0.1744095645232224,0.0688465546223891,0.3295319016771674,high_growth,large_positive,high,expansion,strong_fundamentals,GOOGL_2006-04-20,GOOGL_2006-04-20,0.095408465987417,0.0523962562826267,0.0699050127614099,1
2006-06-30,2006-07-20,0.0625,0.0555,0.007,12.6126,pre-market,GOOGL,2456000000,1466968000,815372000,721077000,0.597299674267101,0.3319918566775244,0.2935981270358306,GOOGL_2006-06-30,GOOGL,0.0897151477504658,0.030801516866339,0.3319918566775244,moderate_growth,large_positive,high,expansion,strong_fundamentals,GOOGL_2006-07-20,GOOGL_2006-07-20,-0.022389120143207496,-0.0379925697509695,-0.0619774349491587,1
2006-09-30,2006-10-19,0.0655,0.0605,0.005,8.2645,pre-market,GOOGL,2689700000,1640972000,931331000,733361000,0.6100948061122058,0.3462583187716102,0.2726553147191136,GOOGL_2006-09-30,GOOGL,0.0951547231270357,-0.020942812316717,0.3462583187716102,moderate_growth,moderate_positive,high,contraction,mixed,GOOGL_2006-10-19,GOOGL_2006-10-19,0.09298436758699459,0.0981562496400223,0.1127785832996593,1
2006-12-31,2007-01-31,0.0795,0.073,0.0065,8.9041,pre-market,GOOGL,3205498000,1922350000,1060594000,1030717000,0.5997040085503095,0.3308671538712549,0.3215466052388739,GOOGL_2006-12-31,GOOGL,0.1917678551511321,0.0488912905197603,0.3308671538712549,high_growth,moderate_positive,high,expansion,strong_fundamentals,GOOGL_2007-01-31,GOOGL_2007-01-31,-0.034621200164735993,-0.048656453238052,-0.061825612998484096,1
2007-03-31,2007-04-19,0.092,0.0825,0.0095,11.5152,pre-market,GOOGL,3664000000,2193574000,1221209000,1002162000,0.5986828602620088,0.3332993995633188,0.2735158296943231,GOOGL_2007-03-31,GOOGL,0.1430361210644961,-0.0480307755445508,0.3332993995633188,high_growth,large_positive,high,contraction,mixed,GOOGL_2007-04-19,GOOGL_2007-04-19,0.0172576324058839,0.0152015160574785,0.011249440595845199,1
2007-06-30,2007-07-19,0.089,0.09,-0.001,-1.1111,pre-market,GOOGL,3872000000,2311745000,1104615000,925120000,0.5970415805785124,0.2852827995867769,0.2389256198347107,GOOGL_2007-06-30,GOOGL,0.056768558951965,-0.0345902098596123,0.2852827995867769,moderate_growth,small,high,contraction,mixed,GOOGL_2007-07-19,GOOGL_2007-07-19,-0.054202936564562,-0.0554594518630758,-0.042900571079792504,0
2007-09-30,2007-10-18,0.098,0.0945,0.0035,3.7037,pre-market,GOOGL,4231400000,2568821000,1317842000,1069989000,0.6070853618187834,0.3114434938790943,0.2528687904712388,GOOGL_2007-09-30,GOOGL,0.0928202479338842,0.013943170636528,0.3114434938790943,moderate_growth,moderate_positive,high,expansion,strong_fundamentals,GOOGL_2007-10-18,GOOGL_2007-10-18,0.0525291908426739,0.0489719204567404,0.0559609718969096,1
2007-12-31,2008-01-31,0.111,0.111,0.0,0.0,pre-market,GOOGL,4826686000,2870862000,1440734000,1206449000,0.5947894683847261,0.298493417636863,0.2499539021183478,GOOGL_2007-12-31,GOOGL,0.1406829890816279,-0.0029148883528909,0.298493417636863,high_growth,small,high,stable,mixed,GOOGL_2008-01-31,GOOGL_2008-01-31,-0.0908937800981797,-0.1069812791347045,-0.117882810429618,0
2008-03-31,2008-04-17,0.121,0.113,0.008,7.0796,pre-market,GOOGL,5186000000,3075464000,1546235000,1307086000,0.5930320092556884,0.2981556112610875,0.2520412649440802,GOOGL_2008-03-31,GOOGL,0.074443210103164,0.0020873628257323,0.2981556112610875,moderate_growth,moderate_positive,high,stable,mixed,GOOGL_2008-04-17,GOOGL_2008-04-17,0.1616543539498121,0.1483259088281144,0.18654253403681598,1
2008-06-30,2008-07-17,0.116,0.1185,-0.0025,-2.1097,pre-market,GOOGL,5367200000,3219625000,1577965000,1247391000,0.5998705097630049,0.2940015277984796,0.2324100089432106,GOOGL_2008-06-30,GOOGL,0.034940223679136,-0.0196312560008695,0.2940015277984796,moderate_growth,small,high,contraction,mixed,GOOGL_2008-07-17,GOOGL_2008-07-17,-0.0969420032468713,-0.1084644569780658,-0.1346835619657112,0
2008-09-30,2008-10-16,0.123,0.1185,0.0045,3.7975,pre-market,GOOGL,5541400000,3368010000,1647565000,1289938000,0.6077904500667701,0.2973192694986826,0.2327819684556249,GOOGL_2008-09-30,GOOGL,0.0324564018482635,0.0003719595124143,0.2973192694986826,moderate_growth,moderate_positive,high,stable,mixed,GOOGL_2008-10-16,GOOGL_2008-10-16,0.0663000120810528,0.053611794062513395,0.0711339137602057,1
2008-12-31,2009-01-22,0.1275,0.124,0.0035,2.8226,pre-market,GOOGL,5700950000,3510945000,1860205000,382442000,0.6158526210543857,0.3262973714907164,0.0670839070681202,GOOGL_2008-12-31,GOOGL,0.0287923629407731,-0.1656980613875047,0.3262973714907164,moderate_growth,small,high,contraction,mixed,GOOGL_2009-01-22,GOOGL_2009-01-22,0.12003563145405491,0.1196922868523427,0.1246033312046905,1
2009-03-31,2009-04-16,0.129,0.123,0.006,4.878,pre-market,GOOGL,5509000000,3407000000,1884000000,1423000000,0.6184425485569068,0.3419858413505173,0.2583045924850245,GOOGL_2009-03-31,GOOGL,-0.0336698269586648,0.1912206854169043,0.3419858413505173,negative_growth,moderate_positive,high,expansion,strong_fundamentals,GOOGL_2009-04-16,GOOGL_2009-04-16,0.0343028170538663,0.024748078288195897,0.0256045475481684,1
2009-06-30,2009-07-16,0.134,0.127,0.007,5.5118,pre-market,GOOGL,5523000000,3415000000,1874000000,1485000000,0.6183233749773673,0.3393083469129097,0.2688756110809343,GOOGL_2009-06-30,GOOGL,0.0025412960609911,0.0105710185959097,0.3393083469129097,moderate_growth,moderate_positive,high,expansion,strong_fundamentals,GOOGL_2009-07-16,GOOGL_2009-07-16,-0.033052812695391995,-0.0371611094716086,-0.0561729244042949,1
2009-09-30,2009-10-15,0.1475,0.1355,0.012,8.8561,pre-market,GOOGL,5945000000,3719000000,2074000000,1639000000,0.6255677039529016,0.3488645920941968,0.2756938603868797,GOOGL_2009-09-30,GOOGL,0.0764077494115516,0.0068182493059454,0.3488645920941968,moderate_growth,moderate_positive,high,expansion,strong_fundamentals,GOOGL_2009-10-15,GOOGL_2009-10-15,0.038653527640355796,0.0420149071558151,0.0566776040569474,1
2009-12-31,2010-01-21,0.17,0.162,0.008,4.9383,pre-market,GOOGL,6673863000,4265463000,2480983000,1974100000,0.6391295416163023,0.3717461685983065,0.2957957033280425,GOOGL_2009-12-31,GOOGL,0.1226010092514717,0.0201018429411627,0.3717461685983065,high_growth,moderate_positive,high,expansion,strong_fundamentals,GOOGL_2010-01-21,GOOGL_2010-01-21,-0.0329581356785659,-0.0321917075103352,-0.0492067256165178,1
2010-03-31,2010-04-15,0.169,0.165,0.004,2.4242,pre-market,GOOGL,6775000000,4323000000,2488000000,1955000000,0.6380811808118081,0.3672324723247232,0.288560885608856,GOOGL_2010-03-31,GOOGL,0.0151541918076532,-0.0072348177191864,0.3672324723247232,moderate_growth,small,high,contraction,mixed,GOOGL_2010-04-15,GOOGL_2010-04-15,-0.0655249101501419,-0.043353329457808,-0.028842734760813997,1
2010-06-30,2010-07-15,0.1615,0.163,-0.0015,-0.9202,pre-market,GOOGL,6820000000,4353000000,2365000000,1840000000,0.6382697947214077,0.3467741935483871,0.2697947214076246,GOOGL_2010-06-30,GOOGL,0.0066420664206641,-0.0187661642012313,0.3467741935483871,moderate_growth,small,high,contraction,mixed,GOOGL_2010-07-15,GOOGL_2010-07-15,-0.0318919378949878,-0.019390870924764998,0.032981869863065505,0
2010-09-30,2010-10-14,0.191,0.1675,0.0235,14.0299,pre-market,GOOGL,7286000000,4734000000,2547000000,2167000000,0.6497392259127093,0.3495745264891572,0.2974197090310184,GOOGL_2010-09-30,GOOGL,0.0683284457478006,0.0276249876233937,0.3495745264891572,moderate_growth,large_positive,high,expansion,strong_fundamentals,GOOGL_2010-10-14,GOOGL_2010-10-14,0.0942468244900698,0.0933336999212826,0.12200531299364929,1
2010-12-31,2011-01-20,0.219,0.2025,0.0165,8.1481,pre-market,GOOGL,8440000000,5494000000,2982000000,2543000000,0.6509478672985782,0.3533175355450237,0.301303317535545,GOOGL_2010-12-31,GOOGL,0.1583859456491902,0.0038836085045266,0.3533175355450237,high_growth,moderate_positive,high,stable,mixed,GOOGL_2011-01-20,GOOGL_2011-01-20,-0.0140162685414469,0.006386847726546699,0.006541969701060999,1
2011-03-31,2011-04-14,0.202,0.2025,-0.0005,-0.2469,pre-market,GOOGL,8575000000,5639000000,2296000000,1798000000,0.6576093294460641,0.2677551020408163,0.2096793002915452,GOOGL_2011-03-31,GOOGL,0.0159952606635072,-0.0916240172439998,0.2677551020408163,moderate_growth,small,high,contraction,mixed,GOOGL_2011-04-14,GOOGL_2011-04-14,-0.07231089744193349,-0.07286165879012799,-0.07803935298442789,0
2011-06-30,2011-07-14,0.2185,0.1965,0.022,11.1959,pre-market,GOOGL,9026000000,5854000000,2881000000,2505000000,0.6485707954797253,0.3191890095280301,0.2775315754487037,GOOGL_2011-06-30,GOOGL,0.0525947521865888,0.0678522751571585,0.3191890095280301,moderate_growth,large_positive,high,expansion,strong_fundamentals,GOOGL_2011-07-14,GOOGL_2011-07-14,0.1233448755714017,0.1437301102208072,0.1531332747845753,1
2011-09-30,2011-10-13,0.243,0.2185,0.0245,11.2128,pre-market,GOOGL,9720000000,6342000000,3058000000,2729000000,0.6524691358024691,0.3146090534979424,0.280761316872428,GOOGL_2011-09-30,GOOGL,0.0768889873698204,0.0032297414237242,0.3146090534979424,moderate_growth,large_positive,high,stable,mixed,GOOGL_2011-10-13,GOOGL_2011-10-13,0.0569291491090829,0.0616218171633897,0.0731819734761177,1
2011-12-31,2012-01-19,0.2375,0.2625,-0.025,-9.5238,pre-market,GOOGL,10583000000,6880000000,3507000000,2704000000,0.6500992157233298,0.3313805159217613,0.2555041103656808,GOOGL_2011-12-31,GOOGL,0.0887860082304525,-0.0252572065067471,0.3313805159217613,moderate_growth,moderate_negative,high,contraction,mixed,GOOGL_2012-01-19,GOOGL_2012-01-19,-0.0864752172321513,-0.08693477741447621,-0.09764551678393871,0
2012-03-31,2012-04-12,0.252,0.2415,0.0105,4.3478,pre-market,GOOGL,10645000000,6856000000,3389000000,2890000000,0.6440582433067168,0.3183654297792391,0.271488961953969,GOOGL_2012-03-31,GOOGL,0.005858452234716,0.0159848515882881,0.3183654297792391,moderate_growth,moderate_positive,high,expansion,strong_fundamentals,GOOGL_2012-04-12,GOOGL_2012-04-12,-0.005648091589096696,0.0017636965414250041,-0.023390203346428995,1
2012-06-30,2012-07-19,0.253,0.251,0.002,0.7968,pre-market,GOOGL,11807000000,7130000000,3237000000,2785000000,0.6038790547980012,0.2741593969679003,0.2358770221055306,GOOGL_2012-06-30,GOOGL,0.1091592296852983,-0.0356119398484383,0.2741593969679003,high_growth,small,high,contraction,mixed,GOOGL_2012-07-19,GOOGL_2012-07-19,0.0550493975049339,0.055522523635818,0.0678137647032744,1
2012-09-30,2012-10-18,0.2255,0.2665,-0.041,-15.3846,pre-market,GOOGL,13304000000,7349000000,2740000000,2176000000,0.5523902585688515,0.2059530968129885,0.1635598316295851,GOOGL_2012-09-30,GOOGL,0.1267891928516982,-0.0723171904759455,0.2059530968129885,high_growth,large_negative,medium,contraction,mixed,GOOGL_2012-10-18,GOOGL_2012-10-18,-0.0651112807936903,-0.07051681755284,-0.0831048495187634,0
2012-12-31,2013-01-22,0.265,0.2605,0.0045,1.7274,pre-market,GOOGL,13215000000,7937000000,3432000000,2886000000,0.6006053726825576,0.2597048808172531,0.2183881952326901,GOOGL_2012-12-31,GOOGL,-0.006689717378232,0.054828363603105,0.2597048808172531,negative_growth,small,high,expansion,mixed,GOOGL_2013-01-22,GOOGL_2013-01-22,0.0450670063554274,0.0675106906142992,0.037584750337847,1
2013-03-31,2013-04-18,0.2895,0.2665,0.023,8.6304,pre-market,GOOGL,12951000000,7815000000,3748000000,3346000000,0.6034283066944638,0.289398502046174,0.2583584279206239,GOOGL_2013-03-31,GOOGL,-0.0199772985244041,0.0399702326879338,0.289398502046174,negative_growth,moderate_positive,high,expansion,strong_fundamentals,GOOGL_2013-04-18,GOOGL_2013-04-18,0.021572707885839003,0.021880365716890803,0.0218338142992056,1
2013-06-30,2013-07-18,0.239,0.2695,-0.0305,-11.3173,pre-market,GOOGL,13107000000,7912000000,3465000000,3228000000,0.6036469062333104,0.2643625543602655,0.2462806134126802,GOOGL_2013-06-30,GOOGL,0.0120454018994671,-0.0120778145079437,0.2643625543602655,moderate_growth,large_negative,high,contraction,mixed,GOOGL_2013-07-18,GOOGL_2013-07-18,-0.026882820883423798,-0.031571495836753,-0.0253818279972457,0
2013-09-30,2013-10-17,0.2685,0.2585,0.01,3.8685,pre-market,GOOGL,13754000000,8345000000,3761000000,2970000000,0.6067325868838156,0.2734477242983859,0.2159371819107168,GOOGL_2013-09-30,GOOGL,0.0493629358358129,-0.0303434315019633,0.2734477242983859,moderate_growth,moderate_positive,high,contraction,mixed,GOOGL_2013-10-17,GOOGL_2013-10-17,0.119244540887247,0.1313420169164569,0.1236533978404497,1
2013-12-31,2014-01-30,0.3005,0.305,-0.0045,-1.4754,pre-market,GOOGL,16858000000,9420000000,3922000000,3376000000,0.5587851465179736,0.2326491873294578,0.2002610036777791,GOOGL_2013-12-31,GOOGL,0.2256798022393484,-0.0156761782329377,0.2326491873294578,high_growth,small,medium,contraction,mixed,GOOGL_2014-01-30,GOOGL_2014-01-30,0.0467542687071639,0.0622340420553869,0.031778982347908005,0
2014-03-31,2014-04-16,0.3135,0.3205,-0.007,-2.1841,pre-market,GOOGL,15420000000,9459000000,4115000000,3452000000,0.6134241245136187,0.2668612191958495,0.2238651102464332,GOOGL_2014-03-31,GOOGL,-0.0853007474196226,0.0236041065686541,0.2668612191958495,negative_growth,small,high,expansion,mixed,GOOGL_2014-04-16,GOOGL_2014-04-16,-0.029658104942908395,-0.024710371030662995,-0.04300087551110039,0
2014-06-30,2014-07-17,0.304,0.312,-0.008,-2.5641,pre-market,GOOGL,15955000000,9841000000,4258000000,3351000000,0.6167972422438107,0.2668755875900971,0.2100282043246631,GOOGL_2014-06-30,GOOGL,0.0346952010376135,-0.0138369059217701,0.2668755875900971,moderate_growth,small,high,contraction,mixed,GOOGL_2014-07-17,GOOGL_2014-07-17,0.0189013185722668,0.0244519620844633,0.0232683121484498,0
2014-09-30,2014-10-16,0.3175,0.3265,-0.009,-2.7565,post-market,GOOGL,16523000000,9828000000,3724000000,2739000000,0.5948072383949646,0.2253827997337045,0.1657689281607456,GOOGL_2014-09-30,GOOGL,0.0356001253525539,-0.0442592761639175,0.2253827997337045,moderate_growth,small,medium,contraction,mixed,GOOGL_2014-10-16,GOOGL_2014-10-16,-0.055823121144444,-0.052704688581135604,-0.0729636743068701,0
2014-12-31,2015-01-29,0.344,0.3555,-0.0115,-3.2349,post-market,GOOGL,18103000000,11182000000,4399000000,4757000000,0.6176876760757886,0.2429983980555709,0.2627741258354968,GOOGL_2014-12-31,GOOGL,0.0956242813048477,0.0970051976747512,0.2429983980555709,moderate_growth,moderate_negative,medium,expansion,mixed,GOOGL_2015-01-29,GOOGL_2015-01-29,0.045724989466538295,0.035730042532143194,0.0015510817647353984,0
2015-03-31,2015-04-23,0.3285,0.33,-0.0015,-0.4545,post-market,GOOGL,17258000000,10902000000,4447000000,3515000000,0.6317070344188203,0.2576775987947619,0.2036736585931162,GOOGL_2015-03-31,GOOGL,-0.046677346296194,-0.0591004672423806,0.2576775987947619,negative_growth,small,high,contraction,mixed,GOOGL_2015-04-23,GOOGL_2015-04-23,0.043148587402939,0.0372032022149918,0.039577662092699396,0
2015-06-30,2015-07-16,0.3495,0.335,0.0145,4.3284,post-market,GOOGL,17727000000,11144000000,4825000000,3931000000,0.6286455689061883,0.2721836746206352,0.2217521295199413,GOOGL_2015-06-30,GOOGL,0.0271758025263646,0.0180784709268251,0.2721836746206352,moderate_growth,moderate_positive,high,expansion,strong_fundamentals,GOOGL_2015-07-16,GOOGL_2015-07-16,0.1718268080955048,0.1868438876858549,0.19450888729755,1
2015-09-30,2015-10-22,0.3675,0.3605,0.007,1.9417,post-market,GOOGL,18675000000,11638000000,4708000000,3979000000,0.623186077643909,0.2521017402945114,0.2130655957161981,GOOGL_2015-09-30,GOOGL,0.0534777458114741,-0.0086865338037432,0.2521017402945114,moderate_growth,small,high,contraction,mixed,GOOGL_2015-10-22,GOOGL_2015-10-22,0.014022072649415102,-0.010706033245323598,0.0036456809999886003,1
2015-12-31,2016-02-01,0.4335,0.4055,0.028,6.9051,post-market,GOOGL,21329000000,13141000000,5380000000,4923000000,0.6161095222467063,0.2522387359932486,0.2308125087908481,GOOGL_2015-12-31,GOOGL,0.1421151271753682,0.01774691307465,0.2522387359932486,high_growth,moderate_positive,high,expansion,strong_fundamentals,GOOGL_2016-02-01,GOOGL_2016-02-01,0.0441788479537564,0.004877168159853104,-0.005916212371928398,1
2016-03-31,2016-04-21,0.375,0.3985,-0.0235,-5.8971,post-market,GOOGL,20257000000,12609000000,5342000000,4207000000,0.6224514982475193,0.2637113096707311,0.2076812953546922,GOOGL_2016-03-31,GOOGL,-0.0502602091049744,-0.0231312134361559,0.2637113096707311,negative_growth,moderate_negative,high,contraction,mixed,GOOGL_2016-04-21,GOOGL_2016-04-21,-0.045955574375091096,-0.057870400572379,-0.0683194923228518,0
2016-06-30,2016-07-28,0.421,0.402,0.019,4.7264,post-market,GOOGL,21500000000,13370000000,5968000000,4877000000,0.621860465116279,0.2775813953488372,0.2268372093023256,GOOGL_2016-06-30,GOOGL,0.0613615046650539,0.0191559139476333,0.2775813953488372,moderate_growth,moderate_positive,high,expansion,strong_fundamentals,GOOGL_2016-07-28,GOOGL_2016-07-28,0.0387521356640897,0.037726627268967694,0.054162839498208395,1
2016-09-30,2016-10-27,0.453,0.4315,0.0215,4.9826,post-market,GOOGL,22451000000,13752000000,5767000000,5061000000,0.6125339628524342,0.2568705180170148,0.225424257271391,GOOGL_2016-09-30,GOOGL,0.0442325581395348,-0.0014129520309345,0.2568705180170148,moderate_growth,moderate_positive,high,stable,mixed,GOOGL_2016-10-27,GOOGL_2016-10-27,0.0027649378872420002,-0.0021028697112986,-0.0090521105336522,1
2016-12-31,2017-01-26,0.468,0.4825,-0.0145,-3.0052,post-market,GOOGL,26064000000,15403000000,6639000000,5333000000,0.5909683855125845,0.2547191528545119,0.2046117249846531,GOOGL_2016-12-31,GOOGL,0.1609282437307915,-0.0208125322867379,0.2547191528545119,high_growth,moderate_negative,high,contraction,mixed,GOOGL_2017-01-26,GOOGL_2017-01-26,-0.0151775505049935,-0.0175556617012046,-0.0175805757719093,0
2017-03-31,2017-04-27,0.3865,0.3695,0.017,4.6008,post-market,GOOGL,24750000000,14955000000,6568000000,5426000000,0.6042424242424242,0.2653737373737374,0.2192323232323232,GOOGL_2017-03-31,GOOGL,-0.050414364640884,0.01462059824767,0.2653737373737374,negative_growth,moderate_positive,high,expansion,strong_fundamentals,GOOGL_2017-04-27,GOOGL_2017-04-27,0.039312439054661,0.0436420991914297,0.0605176104974532,1
2017-06-30,2017-07-24,0.2505,0.2245,0.026,11.5813,post-market,GOOGL,26010000000,15637000000,4132000000,3524000000,0.6011918492887351,0.1588619761630142,0.1354863514033064,GOOGL_2017-06-30,GOOGL,0.050909090909091,-0.0837459718290168,0.1588619761630142,moderate_growth,large_positive,medium,contraction,mixed,GOOGL_2017-07-24,GOOGL_2017-07-24,-0.029461933666305798,-0.0352263282919824,-0.0364713307205275,1
2017-09-30,2017-10-26,0.4785,0.4165,0.062,14.886,post-market,GOOGL,27772000000,16624000000,7782000000,6732000000,0.5985885064093331,0.2802102837390177,0.2424024197032983,GOOGL_2017-09-30,GOOGL,0.0677431757016531,0.1069160682999919,0.2802102837390177,moderate_growth,large_positive,high,expansion,strong_fundamentals,GOOGL_2017-10-26,GOOGL_2017-10-26,0.0291254685148609,0.030404161660974698,0.014544312921375098,1
2017-12-31,2018-02-01,0.485,0.499,-0.014,-2.8056,post-market,GOOGL,32323000000,18056000000,7664000000,-3020000000,0.5586115150202642,0.2371067042044364,-0.093431921541936,GOOGL_2017-12-31,GOOGL,0.1638700849776753,-0.3358343412452342,0.2371067042044364,high_growth,small,medium,contraction,mixed,GOOGL_2018-02-01,GOOGL_2018-02-01,-0.024366614767483398,-0.0221691197074709,-0.0285355636490418,0
2018-03-31,2018-04-23,0.6665,0.464,0.2025,43.6422,post-market,GOOGL,31146000000,17679000000,7633000000,9401000000,0.5676170294740898,0.2450715982790727,0.3018365119116419,GOOGL_2018-03-31,GOOGL,-0.0364136992234631,0.3952684334535778,0.2450715982790727,negative_growth,large_positive,medium,expansion,mixed,GOOGL_2018-04-23,GOOGL_2018-04-23,-0.024610866136282602,-0.023211115231139,-0.012154935753786702,1
2018-06-30,2018-07-23,0.227,0.4795,-0.2525,-52.659,post-market,GOOGL,32657000000,18774000000,3045000000,3195000000,0.5748844045686989,0.0932418776985026,0.0978350736442416,GOOGL_2018-06-30,GOOGL,0.0485134527708213,-0.2040014382674003,0.0932418776985026,moderate_growth,large_negative,low,contraction,weak_fundamentals,GOOGL_2018-07-23,GOOGL_2018-07-23,0.0473145774379518,0.0466718862835858,0.05586371269253608,0
2018-09-30,2018-10-25,0.653,0.521,0.132,25.3359,post-market,GOOGL,33740000000,19459000000,8625000000,9192000000,0.5767338470657972,0.2556312981624185,0.2724362774155305,GOOGL_2018-09-30,GOOGL,0.0331628747282359,0.1746012037712889,0.2556312981624185,moderate_growth,large_positive,high,expansion,strong_fundamentals,GOOGL_2018-10-25,GOOGL_2018-10-25,0.0219432505905469,0.030856682831768997,0.0029198823915697,1
2018-12-31,2019-02-04,0.6385,0.541,0.0975,18.0222,post-market,GOOGL,39276000000,21358000000,8203000000,8948000000,0.5437926469090538,0.2088552805784703,0.2278236072919849,GOOGL_2018-12-31,GOOGL,0.1640782454060463,-0.0446126701235456,0.2088552805784703,high_growth,large_positive,medium,contraction,mixed,GOOGL_2019-02-04,GOOGL_2019-02-04,0.008176756849566,-0.013258980039967302,-0.012745167261046103,1
2019-03-31,2019-04-29,0.475,0.5305,-0.0555,-10.4618,post-market,GOOGL,36339000000,20327000000,6608000000,6657000000,0.5593714741737528,0.1818431987671647,0.183191612317345,GOOGL_2019-03-31,GOOGL,-0.0747784906813321,-0.0446319949746399,0.1818431987671647,negative_growth,large_negative,medium,contraction,mixed,GOOGL_2019-04-29,GOOGL_2019-04-29,-0.05441634192785459,-0.0701687726200311,-0.0710623038248393,0
2019-06-30,2019-07-25,0.7105,0.565,0.1455,25.7522,post-market,GOOGL,38944000000,21648000000,9180000000,9947000000,0.5558751027115859,0.2357230895645028,0.2554180361544782,GOOGL_2019-06-30,GOOGL,0.071686067310603,0.0722264238371332,0.2357230895645028,moderate_growth,large_positive,medium,expansion,mixed,GOOGL_2019-07-25,GOOGL_2019-07-25,0.07782155608278571,0.0799904492791844,0.0759052510009765,1
2019-09-30,2019-10-28,0.506,0.621,-0.115,-18.5185,post-market,GOOGL,40499000000,22931000000,9177000000,7068000000,0.5662115113953431,0.2265981876095706,0.1745228277241413,GOOGL_2019-09-30,GOOGL,0.0399291290057517,-0.0808952084303369,0.2265981876095706,moderate_growth,large_negative,medium,contraction,mixed,GOOGL_2019-10-28,GOOGL_2019-10-28,-0.008150616272277,-0.012110342515544801,-0.0167628921911623,0
2019-12-31,2020-02-03,0.7675,0.6265,0.141,22.506,post-market,GOOGL,46075000000,25055000000,9266000000,10671000000,0.543787303309821,0.2011068909386869,0.2316006511123168,GOOGL_2019-12-31,GOOGL,0.1376824119114053,0.0570778233881755,0.2011068909386869,high_growth,large_positive,medium,expansion,mixed,GOOGL_2020-02-03,GOOGL_2020-02-03,-0.0264798828654052,-0.0306202973053622,-0.008104476428386497,1
2020-03-31,2020-04-28,0.49,0.51,-0.02,-3.9216,post-market,GOOGL,41159000000,22177000000,7977000000,6836000000,0.538812896328871,0.1938093734055735,0.1660876114580043,GOOGL_2020-03-31,GOOGL,-0.1066956049918611,-0.0655130396543125,0.1938093734055735,negative_growth,moderate_negative,medium,contraction,mixed,GOOGL_2020-04-28,GOOGL_2020-04-28,0.024884164088678294,0.031091148489458292,0.039265239336031,0
2020-06-30,2020-07-30,0.51,0.41,0.1,24.3902,post-market,GOOGL,38297000000,19744000000,6383000000,6959000000,0.5155495208501971,0.1666710186176463,0.1817113612032274,GOOGL_2020-06-30,GOOGL,-0.0695352170849632,0.015623749745223,0.1666710186176463,negative_growth,large_positive,medium,expansion,mixed,GOOGL_2020-07-30,GOOGL_2020-07-30,-0.0383968289565838,-0.042076042556989296,-0.06863339449633529,1
2020-09-30,2020-10-29,0.82,0.56,0.26,46.4286,post-market,GOOGL,46173000000,25056000000,11213000000,11247000000,0.5426547982587226,0.2428475515994195,0.2435839126762393,GOOGL_2020-09-30,GOOGL,0.2056557954931195,0.0618725514730119,0.2428475515994195,high_growth,large_positive,medium,expansion,mixed,GOOGL_2020-10-29,GOOGL_2020-10-29,0.0606517490899014,0.065043148678072,0.0510072817649132,1
2020-12-31,2021-02-02,1.12,0.79,0.33,41.7722,post-market,GOOGL,56898000000,30818000000,15651000000,15227000000,0.5416359098738093,0.2750711800063271,0.2676192484797356,GOOGL_2020-12-31,GOOGL,0.2322786043791826,0.0240353358034963,0.2750711800063271,high_growth,large_positive,high,expansion,strong_fundamentals,GOOGL_2021-02-02,GOOGL_2021-02-02,0.08258344824049241,0.068054923551011,0.09823101504703881,1
2021-03-31,2021-04-27,1.31,0.78,0.53,67.9487,post-market,GOOGL,55314000000,31211000000,16437000000,17930000000,0.5642513649347363,0.2971580431717106,0.3241494015981487,GOOGL_2021-03-31,GOOGL,-0.0278392913634926,0.056530153118413,0.2971580431717106,negative_growth,large_positive,high,expansion,strong_fundamentals,GOOGL_2021-04-27,GOOGL_2021-04-27,0.019240809396408,0.0301758629837669,0.022136356204439298,1
2021-06-30,2021-07-27,1.36,0.96,0.4,41.6667,post-market,GOOGL,61880000000,35653000000,19361000000,18525000000,0.5761635423400129,0.312879767291532,0.2993697478991596,GOOGL_2021-06-30,GOOGL,0.1187041255378384,-0.0247796536989891,0.312879767291532,high_growth,large_positive,high,contraction,mixed,GOOGL_2021-07-27,GOOGL_2021-07-27,0.021050074437661,0.015582197031064796,0.037664444159529395,1
2021-09-30,2021-10-26,1.4,1.17,0.23,19.6581,post-market,GOOGL,65118000000,37497000000,21031000000,18936000000,0.5758315673085783,0.3229675358579809,0.290795171841887,GOOGL_2021-09-30,GOOGL,0.0523270846800258,-0.0085745760572725,0.3229675358579809,moderate_growth,large_positive,high,contraction,mixed,GOOGL_2021-10-26,GOOGL_2021-10-26,0.0482008005736091,0.0289855461944617,0.009837458990416499,1
2021-12-31,2022-02-01,1.53,1.36,0.17,12.5,post-market,GOOGL,75325000000,42337000000,21885000000,20642000000,0.5620577497510787,0.290540989047461,0.2740391636242947,GOOGL_2021-12-31,GOOGL,0.1567462145643294,-0.0167560082175923,0.290540989047461,high_growth,large_positive,high,contraction,mixed,GOOGL_2022-02-01,GOOGL_2022-02-01,0.063087457344916,0.0646598067899162,0.06644734834606471,1
2022-03-31,2022-04-26,1.23,1.29,-0.06,-4.6512,post-market,GOOGL,68011000000,38412000000,20094000000,16436000000,0.5647909896928438,0.2954522062607519,0.2416667891958653,GOOGL_2022-03-31,GOOGL,-0.0970992366412213,-0.0323723744284294,0.2954522062607519,negative_growth,moderate_negative,high,contraction,mixed,GOOGL_2022-04-26,GOOGL_2022-04-26,-0.0207598888799187,-0.012029955490257501,-0.0370378245084259,0
2022-06-30,2022-07-26,1.21,1.27,-0.06,-4.7244,post-market,GOOGL,69685000000,39581000000,19453000000,16002000000,0.5679988519767525,0.279156202913109,0.229633350075339,GOOGL_2022-06-30,GOOGL,0.0246136654364734,-0.0120334391205262,0.279156202913109,moderate_growth,moderate_negative,high,contraction,mixed,GOOGL_2022-07-26,GOOGL_2022-07-26,0.030978797245456206,0.030208341273110506,-0.018876834844027197,0
2022-09-30,2022-10-25,1.06,1.25,-0.19,-15.2,post-market,GOOGL,69092000000,37934000000,17135000000,13910000000,0.5490360678515602,0.2480026631158455,0.2013257685404967,GOOGL_2022-09-30,GOOGL,-0.0085097223218769,-0.0283075815348423,0.2480026631158455,negative_growth,large_negative,medium,contraction,mixed,GOOGL_2022-10-25,GOOGL_2022-10-25,-0.07011188982183089,-0.08151472430183569,-0.070956021588082,0
2022-12-31,2023-02-02,1.05,1.19,-0.14,-11.7647,post-market,GOOGL,76048000000,40706000000,18160000000,13624000000,0.5352671996633706,0.2387965495476541,0.1791500105196717,GOOGL_2022-12-31,GOOGL,0.1006773577259305,-0.0221757580208249,0.2387965495476541,high_growth,large_negative,medium,contraction,mixed,GOOGL_2023-02-02,GOOGL_2023-02-02,0.0219939627186612,0.0234295260910437,0.0401651580403879,0
2023-03-31,2023-04-25,1.17,1.07,0.1,9.3458,post-market,GOOGL,69787000000,39175000000,17415000000,15051000000,0.5613509679453194,0.2495450442059409,0.2156705403585194,GOOGL_2023-03-31,GOOGL,-0.0823295813170629,0.0365205298388477,0.2495450442059409,negative_growth,moderate_positive,medium,expansion,mixed,GOOGL_2023-04-25,GOOGL_2023-04-25,0.0061788894860252,0.0124537025995741,0.0212404121928515,1
2023-06-30,2023-07-25,1.44,1.34,0.1,7.4627,post-market,GOOGL,74604000000,42688000000,21838000000,18368000000,0.5721945204010509,0.2927188890676103,0.2462066377137955,GOOGL_2023-06-30,GOOGL,0.069024316849843,0.0305360973552761,0.2927188890676103,moderate_growth,moderate_positive,high,expansion,strong_fundamentals,GOOGL_2023-07-25,GOOGL_2023-07-25,0.0661562266605855,0.07403050792216899,0.0862484854030157,1
2023-09-30,2023-10-24,1.55,1.45,0.1,6.8966,post-market,GOOGL,76693000000,43464000000,21343000000,19689000000,0.5667270806983689,0.278291369486133,0.2567248640684286,GOOGL_2023-09-30,GOOGL,0.0280011795614176,0.010518226354633,0.278291369486133,moderate_growth,moderate_positive,high,expansion,strong_fundamentals,GOOGL_2023-10-24,GOOGL_2023-10-24,-0.062321184456095094,-0.07164728231806289,-0.07111459349165479,1
2023-12-31,2024-01-30,1.64,1.6,0.04,2.5,post-market,GOOGL,86310000000,48735000000,23697000000,20687000000,0.564650677789364,0.2745568300312825,0.2396825396825397,GOOGL_2023-12-31,GOOGL,0.1253960596143064,-0.0170423243858889,0.2745568300312825,high_growth,small,high,contraction,mixed,GOOGL_2024-01-30,GOOGL_2024-01-30,-0.058227216206669194,-0.0659083411479252,-0.052363311114821794,1
2024-03-31,2024-04-25,1.89,1.51,0.38,25.1656,post-market,GOOGL,80539000000,46827000000,25472000000,23662000000,0.5814201815269621,0.3162691366915407,0.2937955524652653,GOOGL_2024-03-31,GOOGL,-0.0668636310972077,0.0541130127827255,0.3162691366915407,negative_growth,large_positive,high,expansion,strong_fundamentals,GOOGL_2024-04-25,GOOGL_2024-04-25,0.07485982182225899,0.0730538825612003,0.0390793136530676,1
2024-06-30,2024-07-23,1.89,1.85,0.04,2.1622,post-market,GOOGL,84742000000,49235000000,27425000000,23619000000,0.5809987963465578,0.32362936914399,0.2787165750159307,GOOGL_2024-06-30,GOOGL,0.0521858975154894,-0.0150789774493345,0.32362936914399,moderate_growth,small,high,contraction,mixed,GOOGL_2024-07-23,GOOGL_2024-07-23,-0.0077444398743548,-0.0300168407272149,-0.0473496650136304,1
2024-09-30,2024-10-29,2.12,1.85,0.27,14.5946,post-market,GOOGL,88268000000,51794000000,28521000000,26301000000,0.5867811664476368,0.3231182308424344,0.2979675533602211,GOOGL_2024-09-30,GOOGL,0.0416086474239456,0.0192509783442904,0.3231182308424344,moderate_growth,large_positive,high,expansion,strong_fundamentals,GOOGL_2024-10-29,GOOGL_2024-10-29,0.054123994940524695,0.0593560714525327,0.0613491068271351,1
2024-12-31,2025-02-04,2.15,2.13,0.02,0.939,post-market,GOOGL,96469000000,55856000000,30972000000,26536000000,0.5790046543449191,0.3210565051985612,0.2750728213208388,GOOGL_2024-12-31,GOOGL,0.092910227942176,-0.0228947320393823,0.3210565051985612,moderate_growth,small,high,contraction,mixed,GOOGL_2025-02-04,GOOGL_2025-02-04,-0.0647769480571218,-0.0681928200267157,-0.045219100252913993,1
2025-03-31,2025-04-24,2.81,2.01,0.8,39.801,post-market,GOOGL,90234000000,53873000000,30606000000,34540000000,0.5970365937451515,0.3391847862224882,0.3827825431655473,GOOGL_2025-03-31,GOOGL,-0.0646321616270512,0.1077097218447084,0.3391847862224882,negative_growth,large_positive,high,expansion,strong_fundamentals,GOOGL_2025-04-24,GOOGL_2025-04-24,-0.0010138519036111,-0.0037427994387436003,-0.0180153097415135,1
2025-06-30,2025-07-23,2.31,2.19,0.12,5.4795,post-market,GOOGL,96428000000,57389000000,31271000000,28196000000,0.5951487119923674,0.3242937735927324,0.2924046957315303,GOOGL_2025-06-30,GOOGL,0.0686437484761841,-0.090377847434017,0.3242937735927324,moderate_growth,moderate_positive,high,contraction,mixed,GOOGL_2025-07-23,GOOGL_2025-07-23,0.0119516340440074,0.0421790897129456,0.046861460454454204,1
2025-09-30,2025-10-29,2.87,2.32,0.55,23.7069,post-market,GOOGL,102346000000,60977000000,31228000000,34979000000,0.5957927031833193,0.3051218415961542,0.3417720282180055,GOOGL_2025-09-30,GOOGL,0.061372215539055,0.0493673324864752,0.3051218415961542,moderate_growth,large_positive,high,expansion,strong_fundamentals,GOOGL_2025-10-29,GOOGL_2025-10-29,0.0412414877250953,0.049189239854051305,0.0662913299851068,1
2005-10-31,2005-11-09,0.004,0.003,0.001,33.3333,pre-market,NVDA,583415000,227995000,69572000,64447000,0.390793860288131,0.1192495907715777,0.1104651063136875,NVDA_2005-10-31,NVDA,,,0.1192495907715777,missing,large_positive,medium,missing,mixed,NVDA_2005-11-09,NVDA_2005-11-09,-0.0208501992597872,-0.0372138144974093,-0.047425764118644895,1
2006-01-31,2006-02-16,0.004,0.004,0.0,0.0,pre-market,NVDA,633614000,254940000,112342000,98052000,0.4023585337445195,0.1773035318032745,0.1547503685208975,NVDA_2006-01-31,NVDA,0.0860433824978788,0.0442852622072099,0.1773035318032745,moderate_growth,small,medium,expansion,mixed,NVDA_2006-02-16,NVDA_2006-02-16,0.059555247780546106,0.0443028845014916,0.0354309953531257,0
2006-04-30,2006-05-11,0.005,0.005,0.0,0.0,pre-market,NVDA,681807000,288757000,100685000,90676000,0.4235172123489492,0.1476737551829183,0.1329936477624899,NVDA_2006-04-30,NVDA,0.0760605037136175,-0.0217567207584075,0.1476737551829183,moderate_growth,small,medium,contraction,mixed,NVDA_2006-05-11,NVDA_2006-05-11,-0.0647125821516013,-0.1028589266909545,-0.12932395852693462,0
2006-07-31,2006-08-10,0.0038,,0.0,,pre-market,NVDA,687500000,292100000,95800000,86800000,0.4248727272727273,0.1393454545454545,0.1262545454545454,NVDA_2006-07-31,NVDA,0.0083498702712057,-0.0067391023079445,0.1393454545454545,moderate_growth,missing,medium,contraction,mixed,NVDA_2006-08-10,NVDA_2006-08-10,-0.0469696287622154,-0.010066795378232301,0.04471468960634439,0
2006-10-31,2006-11-09,0.007,0.006,0.001,16.6667,pre-market,NVDA,820572000,333942000,117613000,106511000,0.4069624603325485,0.143330506037252,0.1298009193586912,NVDA_2006-10-31,NVDA,0.1935592727272728,0.0035463739041458,0.143330506037252,high_growth,large_positive,medium,stable,mixed,NVDA_2006-11-09,NVDA_2006-11-09,-0.0215696948572767,-0.017869664931736702,-0.0119729510878144,1
2007-01-31,2007-02-13,0.009,0.007,0.002,28.5714,pre-market,NVDA,878873000,385706000,138514000,163506000,0.4388643182803431,0.1576041134498386,0.1860405314533499,NVDA_2007-01-31,NVDA,0.0710492193250562,0.0562396120946586,0.1576041134498386,moderate_growth,large_positive,medium,expansion,mixed,NVDA_2007-02-13,NVDA_2007-02-13,0.0118601977007943,0.0042476429261347004,-0.051101454432078,1
2007-04-30,2007-05-10,0.007,0.006,0.001,16.6667,pre-market,NVDA,844280000,380138000,141246000,132259000,0.450251101530298,0.1672975790022267,0.1566530061117164,NVDA_2007-04-30,NVDA,-0.0393606357232501,-0.0293875253416334,0.1672975790022267,negative_growth,large_positive,medium,contraction,mixed,NVDA_2007-05-10,NVDA_2007-05-10,0.0857504857428497,0.0868431650099783,0.0717071146277166,1
2007-07-31,2007-08-09,0.009,0.007,0.002,28.5714,pre-market,NVDA,935253000,423992000,184760000,172732000,0.4533447099341034,0.1975508231462502,0.1846901319749843,NVDA_2007-07-31,NVDA,0.1077521675273605,0.0280371258632678,0.1975508231462502,high_growth,large_positive,medium,expansion,mixed,NVDA_2007-08-09,NVDA_2007-08-09,0.005188841484052999,0.007261436143780296,0.04750381864255909,1
2007-10-31,2007-11-08,0.011,0.009,0.002,22.2222,pre-market,NVDA,1115597000,515553000,247841000,235661000,0.4621319347398747,0.2221599735388316,0.2112420524615968,NVDA_2007-10-31,NVDA,0.1928291061349174,0.0265519204866125,0.2221599735388316,high_growth,large_positive,medium,expansion,mixed,NVDA_2007-11-08,NVDA_2007-11-08,-0.0232658165833754,-0.011479487197434798,-0.044631644345190895,1
2008-01-31,2008-02-13,0.012,0.012,0.0,0.0,pre-market,NVDA,1202730000,549597000,262499000,256993000,0.4569579207303385,0.2182526419063297,0.2136747233377399,NVDA_2008-01-31,NVDA,0.0781043692301073,0.0024326708761431,0.2182526419063297,moderate_growth,small,medium,stable,mixed,NVDA_2008-02-13,NVDA_2008-02-13,-0.09663208816874921,-0.10289717325853891,-0.0971060500566023,0
2008-04-30,2008-05-08,0.009,0.01,-0.001,-10.0,pre-market,NVDA,1153388000,514843000,202979000,176805000,0.4463745071042875,0.17598501111508,0.1532918670906928,NVDA_2008-04-30,NVDA,-0.0410250014550231,-0.060382856247047,0.17598501111508,negative_growth,moderate_negative,medium,contraction,mixed,NVDA_2008-05-08,NVDA_2008-05-08,0.037905789323729705,0.0427479194303193,-0.034396824854626695,0
2008-07-31,2008-08-12,0.003,0.003,0.0,0.0,pre-market,NVDA,892676000,149917000,-155392000,-120929000,0.1679411118927808,-0.1740743562053869,-0.1354679637404836,NVDA_2008-07-31,NVDA,-0.2260401530100885,-0.2887598308311764,-0.1740743562053869,negative_growth,small,low,contraction,mixed,NVDA_2008-08-12,NVDA_2008-08-12,0.1160765554099035,0.1701573007772879,0.1001888649383612,0
2008-10-31,2008-11-06,0.005,0.003,0.002,66.6667,pre-market,NVDA,897655000,367843000,56796000,61748000,0.4097821546139664,0.0632715241378926,0.0687881201575215,NVDA_2008-10-31,NVDA,0.0055776115858385,0.2042560838980051,0.0632715241378926,moderate_growth,large_positive,low,expansion,mixed,NVDA_2008-11-06,NVDA_2008-11-06,0.1280630207041058,0.1422585281240936,0.0703052374558209,1
2009-01-31,2009-02-10,-0.004,-0.002,-0.002,-100.0,pre-market,NVDA,481140000,141666000,-175083000,-147665000,0.294438209253024,-0.3638920064845991,-0.3069065136966371,NVDA_2009-01-31,NVDA,-0.4640034311623062,-0.3756946338541586,-0.3638920064845991,negative_growth,large_negative,low,contraction,weak_fundamentals,NVDA_2009-02-10,NVDA_2009-02-10,-0.1672030960221954,-0.1300729041656752,-0.06848782417258521,0
2009-04-30,2009-05-07,-0.002,-0.003,0.001,33.3333,pre-market,NVDA,664231000,189696000,-230965000,-201338000,0.2855873935423068,-0.3477178873012551,-0.3031144285647613,NVDA_2009-04-30,NVDA,0.3805358107827243,0.0037920851318757,-0.3477178873012551,high_growth,large_positive,low,stable,mixed,NVDA_2009-05-07,NVDA_2009-05-07,-0.2499229766752318,-0.2783729041875878,-0.2777650774740812,1
2009-07-31,2009-08-06,0.002,-0.001,0.003,300.0,pre-market,NVDA,776520000,156723000,-110107000,-105302000,0.2018273837119456,-0.1417954463503837,-0.1356075825477772,NVDA_2009-07-31,NVDA,0.169051128297234,0.1675068460169841,-0.1417954463503837,high_growth,large_positive,low,expansion,mixed,NVDA_2009-08-06,NVDA_2009-08-06,0.0396689243083393,0.0383244837316678,0.0113274816948496,1
2009-10-31,2009-11-05,0.005,0.003,0.002,66.6667,pre-market,NVDA,903206000,391783000,107845000,107577000,0.4337692619402439,0.1194024397535003,0.1191057189611229,NVDA_2009-10-31,NVDA,0.1631458301138413,0.2547133015089001,0.1194024397535003,high_growth,large_positive,medium,expansion,mixed,NVDA_2009-11-05,NVDA_2009-11-05,0.049873758517413325,0.04196404501999562,0.005357048145023725,1
2010-01-31,2010-02-17,0.006,0.005,0.001,20.0,pre-market,NVDA,982488000,438721000,134282000,131076000,0.4465408228904577,0.136675460667204,0.1334123164863082,NVDA_2010-01-31,NVDA,0.0877784248554593,0.0143065975251852,0.136675460667204,moderate_growth,large_positive,medium,expansion,mixed,NVDA_2010-02-17,NVDA_2010-02-17,-0.0640293669178306,-0.0898623071962013,-0.06961954563901669,1
2010-04-30,2010-05-13,0.006,0.005,0.001,20.0,pre-market,NVDA,1001813000,456377000,147393000,137594000,0.4555510858812972,0.147126260090456,0.137344993526736,NVDA_2010-04-30,NVDA,0.0196694514335034,0.0039326770404277,0.147126260090456,moderate_growth,large_positive,medium,stable,mixed,NVDA_2010-05-13,NVDA_2010-05-13,-0.0896749573850881,-0.09085504962786281,-0.1567201776722065,1
2010-07-31,2010-08-12,0.001,0.003,-0.002,-66.6667,pre-market,NVDA,811208000,134292000,-175207000,-140961000,0.1655457046774686,-0.2159828305440774,-0.1737667774479541,NVDA_2010-07-31,NVDA,-0.1902600585139142,-0.3111117709746901,-0.2159828305440774,negative_growth,large_negative,low,contraction,weak_fundamentals,NVDA_2010-08-12,NVDA_2010-08-12,0.08803365464637411,0.0703466657363836,0.046062376143552394,0
2010-10-31,2010-11-11,0.004,0.004,0.0,0.0,pre-market,NVDA,843912000,392062000,103783000,84862000,0.4645768753140137,0.1229784622093298,0.1005578780725952,NVDA_2010-10-31,NVDA,0.0403151842683997,0.2743246555205493,0.1229784622093298,moderate_growth,small,medium,expansion,mixed,NVDA_2010-11-11,NVDA_2010-11-11,0.0946301214596631,0.075004040971039,0.07796744170297,0
2011-01-31,2011-02-16,0.006,0.004,0.002,50.0,pre-market,NVDA,886376000,426359000,179778000,171651000,0.4810137007319692,0.2028236324088197,0.1936548372248346,NVDA_2011-01-31,NVDA,0.0503180426395168,0.0930969591522394,0.2028236324088197,moderate_growth,large_positive,medium,expansion,mixed,NVDA_2011-02-16,NVDA_2011-02-16,0.0807707529704198,0.047638182070369704,0.06725101658502561,1
2011-04-30,2011-05-12,0.006,0.005,0.001,20.0,pre-market,NVDA,962039000,484503000,154862000,135219000,0.5036209550756259,0.1609726840595859,0.1405545929011193,NVDA_2011-04-30,NVDA,0.0853621939222182,-0.0531002443237152,0.1609726840595859,moderate_growth,large_positive,medium,contraction,mixed,NVDA_2011-05-12,NVDA_2011-05-12,-0.034222461752101696,-0.0546519640855944,-0.0625788807311804,1
2011-07-31,2011-08-11,0.006,0.006,0.0,0.0,pre-market,NVDA,1016517000,525284000,174030000,151573000,0.5167488590943388,0.1712022523971561,0.1491101476905944,NVDA_2011-07-31,NVDA,0.0566276419147249,0.0085555547894751,0.1712022523971561,moderate_growth,small,medium,expansion,mixed,NVDA_2011-08-11,NVDA_2011-08-11,-0.0020570391401391885,-0.021513486775146494,0.035351544635482,0
2011-10-31,2011-11-10,0.007,0.006,0.001,16.6667,pre-market,NVDA,1066180000,556717000,197090000,178273000,0.5221604231930819,0.1848562156483895,0.1672072257967697,NVDA_2011-10-31,NVDA,0.0488560447095327,0.0180970781061752,0.1848562156483895,moderate_growth,large_positive,medium,expansion,mixed,NVDA_2011-11-10,NVDA_2011-11-10,0.0014407560941568998,0.0113161692408466,0.0033773280476838002,1
2012-01-31,2012-02-15,0.005,0.005,0.0,0.0,pre-market,NVDA,953194000,490013000,122317000,116025000,0.5140747843565948,0.1283233003984498,0.1217223356420623,NVDA_2012-01-31,NVDA,-0.1059727250558066,-0.0454848901547074,0.1283233003984498,negative_growth,small,medium,contraction,mixed,NVDA_2012-02-15,NVDA_2012-02-15,0.011322549407568699,-0.022941259262918005,-0.0343240589656364,0
2012-04-30,2012-05-11,0.003,0.002,0.001,50.0,pre-market,NVDA,924877000,463364000,72826000,60437000,0.5010006736030845,0.0787412812730773,0.0653459865474003,NVDA_2012-04-30,NVDA,-0.0297074887168824,-0.0563763490946619,0.0787412812730773,negative_growth,large_positive,low,contraction,mixed,NVDA_2012-05-11,NVDA_2012-05-11,0.0680426071566219,0.0746734632895613,0.08305813012995611,1
2012-07-31,2012-08-09,0.006,0.004,0.002,50.0,pre-market,NVDA,1044270000,540719000,139623000,119046000,0.5177961638273627,0.1337039271452785,0.1139992530667356,NVDA_2012-07-31,NVDA,0.1290906790848944,0.0486532665193353,0.1337039271452785,high_growth,large_positive,medium,expansion,mixed,NVDA_2012-08-09,NVDA_2012-08-09,0.0598324741226932,0.0500857850598817,0.049951016038888595,1
2012-10-31,2012-11-08,0.008,0.007,0.001,14.2857,pre-market,NVDA,1204110000,636658000,252217000,209080000,0.52873740771192,0.209463421116011,0.1736386210562158,NVDA_2012-10-31,NVDA,0.153063862794105,0.0596393679894802,0.209463421116011,high_growth,large_positive,medium,expansion,mixed,NVDA_2012-11-08,NVDA_2012-11-08,-0.039885477202201994,-0.045084065085157596,0.023254414396580606,1
2013-01-31,2013-02-13,0.007,0.006,0.001,16.6667,pre-market,NVDA,1106902000,585602000,183573000,173973000,0.5290459317988404,0.1658439500515854,0.1571710955441403,NVDA_2013-01-31,NVDA,-0.0807301658486351,-0.0164675255120755,0.1658439500515854,negative_growth,large_positive,medium,contraction,mixed,NVDA_2013-02-13,NVDA_2013-02-13,0.0348791217651094,0.0417953216483413,0.0319763656986578,1
2013-04-30,2013-05-09,0.0045,0.002,0.0025,125.0,pre-market,NVDA,954739000,518568000,82781000,77891000,0.5431515838360013,0.0867053718346061,0.0815835532014508,NVDA_2013-04-30,NVDA,-0.1374674542100384,-0.0755875423426895,0.0867053718346061,negative_growth,large_positive,low,contraction,mixed,NVDA_2013-05-09,NVDA_2013-05-09,0.0456303608040139,0.0162509905010876,0.0038089312744281987,1
2013-07-31,2013-08-08,0.004,0.003,0.001,33.3333,pre-market,NVDA,977238000,545538000,105534000,96448000,0.5582447673954554,0.107992116557072,0.0986944838411932,NVDA_2013-07-31,NVDA,0.0235656027458812,0.0171109306397423,0.107992116557072,moderate_growth,large_positive,medium,expansion,mixed,NVDA_2013-08-08,NVDA_2013-08-08,-0.0275951856972202,-0.021007675317932798,-0.030554262523255597,1
2013-10-31,2013-11-07,0.005,0.005,0.0,0.0,pre-market,NVDA,1053967000,584415000,140988000,118734000,0.5544907952526028,0.1337688940925095,0.1126543810195195,NVDA_2013-10-31,NVDA,0.0785161854123559,0.0139598971783262,0.1337688940925095,moderate_growth,small,medium,expansion,mixed,NVDA_2013-11-07,NVDA_2013-11-07,0.0595680567293866,0.058585198192927,0.028155819568643402,0
2014-01-31,2014-02-12,0.006,0.005,0.001,20.0,pre-market,NVDA,1144218000,619242000,166924000,146917000,0.541192325238722,0.1458847876890592,0.1283994833152423,NVDA_2014-01-31,NVDA,0.0856298157342687,0.0157451022957228,0.1458847876890592,moderate_growth,large_positive,medium,expansion,mixed,NVDA_2014-02-12,NVDA_2014-02-12,0.057435876207723,0.1006347116626004,0.1129940461837607,1
2014-04-30,2014-05-06,0.006,0.004,0.002,50.0,pre-market,NVDA,1103000000,604000000,151000000,137000000,0.5475974614687217,0.1368993653671804,0.1242067089755213,NVDA_2014-04-30,NVDA,-0.0360228557844746,-0.004192774339721,0.1368993653671804,negative_growth,large_positive,medium,stable,mixed,NVDA_2014-05-06,NVDA_2014-05-06,0.010069631543942902,0.012675857948122801,-0.021525447592352497,1
2014-07-31,2014-08-07,0.006,0.005,0.001,20.0,pre-market,NVDA,1103000000,619000000,163000000,128000000,0.5611967361740707,0.1477787851314596,0.1160471441523118,NVDA_2014-07-31,NVDA,0.0,-0.0081595648232094,0.1477787851314596,moderate_growth,large_positive,medium,contraction,mixed,NVDA_2014-08-07,NVDA_2014-08-07,0.0843243066981956,0.08994025743394919,0.05587801092461869,1
2014-10-31,2014-11-06,0.008,0.007,0.001,14.2857,post-market,NVDA,1225000000,676000000,213000000,173000000,0.5518367346938775,0.1738775510204081,0.1412244897959183,NVDA_2014-10-31,NVDA,0.1106074342701721,0.0251773456436065,0.1738775510204081,high_growth,large_positive,medium,expansion,mixed,NVDA_2014-11-06,NVDA_2014-11-06,-0.0193800231912326,-0.0160097919252368,-0.000474072476793104,1
2015-01-31,2015-02-11,0.009,0.007,0.002,28.5714,post-market,NVDA,1250514000,699603000,231136000,193128000,0.5594523531923673,0.1848327967539747,0.1544388947264884,NVDA_2015-01-31,NVDA,0.0208277551020408,0.01321440493057,0.1848327967539747,moderate_growth,large_positive,medium,expansion,mixed,NVDA_2015-02-11,NVDA_2015-02-11,0.0590222723797167,0.054329470546202706,0.060385200570297407,1
2015-04-30,2015-05-07,0.006,0.006,0.0,0.0,post-market,NVDA,1151000000,653000000,176000000,134000000,0.5673327541268463,0.1529105125977411,0.1164205039096437,NVDA_2015-04-30,NVDA,-0.0795784773301218,-0.0380183908168446,0.1529105125977411,negative_growth,small,medium,contraction,mixed,NVDA_2015-05-07,NVDA_2015-05-07,-0.0753116881728742,-0.0857406592140008,-0.0816536382498715,0
2015-07-31,2015-08-06,0.004,0.003,0.001,33.3333,post-market,NVDA,1153000000,634000000,76000000,26000000,0.5498699045967043,0.0659150043365134,0.0225498699045967,NVDA_2015-07-31,NVDA,0.0017376194613378,-0.093870634005047,0.0659150043365134,moderate_growth,large_positive,low,contraction,mixed,NVDA_2015-08-06,NVDA_2015-08-06,0.134045546411101,0.1370750127562314,0.198861147894879,1
2015-10-31,2015-11-05,0.011,0.006,0.005,83.3333,post-market,NVDA,1305000000,734000000,245000000,246000000,0.5624521072796935,0.1877394636015325,0.1885057471264367,NVDA_2015-10-31,NVDA,0.1318300086730268,0.16595587722184,0.1877394636015325,high_growth,large_positive,medium,expansion,mixed,NVDA_2015-11-05,NVDA_2015-11-05,0.1077649137656886,0.0869948094775034,0.0649904772571882,1
2016-01-31,2016-02-17,0.009,0.008,0.001,12.5,post-market,NVDA,1401000000,791000000,252000000,208000000,0.5645967166309779,0.1798715203426124,0.1484653818700927,NVDA_2016-01-31,NVDA,0.0735632183908046,-0.0400403652563439,0.1798715203426124,moderate_growth,large_positive,medium,contraction,mixed,NVDA_2016-02-17,NVDA_2016-02-17,0.1121612721108885,0.1176753990518713,0.1287573512448451,1
2016-04-30,2016-05-12,0.008,0.008,0.0,0.0,post-market,NVDA,1305000000,751000000,245000000,208000000,0.5754789272030651,0.1877394636015325,0.1593869731800766,NVDA_2016-04-30,NVDA,-0.0685224839400427,0.0109215913099839,0.1877394636015325,negative_growth,small,medium,expansion,mixed,NVDA_2016-05-12,NVDA_2016-05-12,0.15156795422572278,0.1573109750881572,0.1867794883048285,0
2016-07-31,2016-08-11,0.01,0.009,0.001,11.1111,post-market,NVDA,1428000000,826000000,317000000,261000000,0.5784313725490197,0.2219887955182072,0.1827731092436974,NVDA_2016-07-31,NVDA,0.0942528735632184,0.0233861360636208,0.2219887955182072,moderate_growth,large_positive,medium,expansion,mixed,NVDA_2016-08-11,NVDA_2016-08-11,0.0552223620185933,0.047035251134887296,0.0326407288507533,1
2016-10-31,2016-11-10,0.021,0.014,0.007,50.0,post-market,NVDA,2004000000,1183000000,639000000,542000000,0.5903193612774451,0.3188622754491018,0.2704590818363273,NVDA_2016-10-31,NVDA,0.403361344537815,0.0876859725926298,0.3188622754491018,high_growth,large_positive,high,expansion,strong_fundamentals,NVDA_2016-11-10,NVDA_2016-11-10,0.22990930068487517,0.22002137593767107,0.20386174023018577,1
2017-01-31,2017-02-09,0.025,0.021,0.004,19.0476,post-market,NVDA,2173000000,1303000000,733000000,654000000,0.5996318453750575,0.3373216751035435,0.300966405890474,NVDA_2017-01-31,NVDA,0.0843313373253493,0.0305073240541467,0.3373216751035435,moderate_growth,large_positive,high,expansion,strong_fundamentals,NVDA_2017-02-09,NVDA_2017-02-09,-0.0826642007610714,-0.0739448365364085,-0.12113286056741039,1
2017-04-30,2017-05-09,0.02,0.016,0.004,25.0,post-market,NVDA,1937000000,1150000000,554000000,507000000,0.5937016004130098,0.2860092927207021,0.261744966442953,NVDA_2017-04-30,NVDA,-0.1086056143580304,-0.039221439447521,0.2860092927207021,negative_growth,large_positive,high,contraction,mixed,NVDA_2017-05-09,NVDA_2017-05-09,0.15146096351896232,0.19822881824712602,0.188932373175547,1
2017-07-31,2017-08-10,0.023,0.017,0.006,35.2941,post-market,NVDA,2230000000,1302000000,688000000,583000000,0.5838565022421525,0.3085201793721973,0.2614349775784753,NVDA_2017-07-31,NVDA,0.1512648425400102,-0.0003099888644776,0.3085201793721973,high_growth,large_positive,high,stable,mixed,NVDA_2017-08-10,NVDA_2017-08-10,-0.050720505887431995,-0.05936449495264819,-0.003097207996013193,1
2017-10-31,2017-11-09,0.033,0.024,0.009,37.5,post-market,NVDA,2636000000,1569000000,895000000,838000000,0.5952200303490136,0.3395295902883156,0.3179059180576631,NVDA_2017-10-31,NVDA,0.1820627802690582,0.0564709404791878,0.3395295902883156,high_growth,large_positive,high,expansion,strong_fundamentals,NVDA_2017-11-09,NVDA_2017-11-09,0.018768915004343297,0.0340905828523903,0.018591024145733197,1
2018-01-31,2018-02-08,0.039,0.029,0.01,34.4828,post-market,NVDA,2911000000,1801000000,1073000000,1119000000,0.6186877361731363,0.3686018550326348,0.3844039848849193,NVDA_2018-01-31,NVDA,0.1043247344461304,0.0664980668272561,0.3686018550326348,high_growth,large_positive,high,expansion,strong_fundamentals,NVDA_2018-02-08,NVDA_2018-02-08,0.1076637809593254,0.1138765485638273,0.07124359968259,1
2018-04-30,2018-05-10,0.051,0.04,0.011,27.5,post-market,NVDA,3207000000,2068000000,1295000000,1244000000,0.6448394137823511,0.4038041783598378,0.3879014655441222,NVDA_2018-04-30,NVDA,0.1016832703538304,0.0034974806592029,0.4038041783598378,high_growth,large_positive,high,stable,mixed,NVDA_2018-05-10,NVDA_2018-05-10,-0.0165991414818419,-0.0104774960837578,-0.005921391825740599,1
2018-07-31,2018-08-16,0.049,0.044,0.005,11.3636,post-market,NVDA,3123000000,1975000000,1157000000,1101000000,0.6324047390329811,0.3704771053474223,0.3525456292026897,NVDA_2018-07-31,NVDA,-0.0261927034611786,-0.0353558363414324,0.3704771053474223,negative_growth,large_positive,high,contraction,mixed,NVDA_2018-08-16,NVDA_2018-08-16,-0.0507507537262175,-0.0392703610363916,-0.0031731882769826993,1
2018-10-31,2018-11-15,0.046,0.047,-0.001,-2.1277,post-market,NVDA,3181000000,1921000000,1058000000,1230000000,0.6038981452373468,0.3325998113800691,0.3866708582206853,NVDA_2018-10-31,NVDA,0.0185718860070445,0.0341252290179955,0.3325998113800691,moderate_growth,small,high,expansion,mixed,NVDA_2018-11-15,NVDA_2018-11-15,-0.181207197244268,-0.13008351768973592,-0.16878149428795572,0
2019-01-31,2019-02-14,0.02,0.019,0.001,5.2632,post-market,NVDA,2205000000,1207000000,294000000,566000000,0.5473922902494331,0.1333333333333333,0.2566893424036281,NVDA_2019-01-31,NVDA,-0.3068217541653568,-0.1299815158170572,0.1333333333333333,negative_growth,moderate_positive,medium,contraction,mixed,NVDA_2019-02-14,NVDA_2019-02-14,0.0334567385619772,0.0442347793766295,0.0303001332129688,1
2019-04-30,2019-05-16,0.022,0.02,0.002,10.0,post-market,NVDA,2220000000,1296000000,358000000,394000000,0.5837837837837838,0.1612612612612612,0.1774774774774774,NVDA_2019-04-30,NVDA,0.0068027210884353,-0.0792118649261507,0.1612612612612612,moderate_growth,moderate_positive,medium,contraction,mixed,NVDA_2019-05-16,NVDA_2019-05-16,-0.0537891697558441,-0.0512897478316349,-0.0531757198008841,1
2019-07-31,2019-08-15,0.031,0.029,0.002,6.8966,post-market,NVDA,2579000000,1541000000,571000000,552000000,0.5975184179914695,0.221403644823575,0.2140364482357503,NVDA_2019-07-31,NVDA,0.1617117117117117,0.0365589707582728,0.221403644823575,high_growth,moderate_positive,medium,expansion,mixed,NVDA_2019-08-15,NVDA_2019-08-15,0.0553627015111152,0.0498120903251318,0.1003820795768661,1
2019-10-31,2019-11-14,0.045,0.039,0.006,15.3846,post-market,NVDA,3014000000,1916000000,927000000,899000000,0.6357000663570007,0.3075646980756469,0.2982747179827472,NVDA_2019-10-31,NVDA,0.1686700271423031,0.0842382697469968,0.3075646980756469,high_growth,large_positive,high,expansion,strong_fundamentals,NVDA_2019-11-14,NVDA_2019-11-14,-0.0439477508948063,-0.0428217120011764,-0.0295358632402514,1
2020-01-31,2020-02-13,0.0473,0.05,-0.0027,-5.4,post-market,NVDA,3105000000,2015000000,990000000,951000000,0.6489533011272142,0.3188405797101449,0.3062801932367149,NVDA_2020-01-31,NVDA,0.0301924353019242,0.0080054752539677,0.3188405797101449,moderate_growth,moderate_negative,high,expansion,mixed,NVDA_2020-02-13,NVDA_2020-02-13,0.0569864931978504,0.07323869141817671,0.1158359697895793,0
2020-04-30,2020-05-21,0.045,0.042,0.003,7.1429,post-market,NVDA,3080000000,2004000000,976000000,917000000,0.6506493506493507,0.3168831168831169,0.2977272727272727,NVDA_2020-04-30,NVDA,-0.0080515297906602,-0.0085529205094422,0.3168831168831169,negative_growth,moderate_positive,high,contraction,mixed,NVDA_2020-05-21,NVDA_2020-05-21,-0.006304388922795202,0.0049000067493004985,-0.0425696662843877,1
2020-07-31,2020-08-19,0.055,0.049,0.006,12.2449,post-market,NVDA,3866000000,2275000000,651000000,622000000,0.5884635281945163,0.1683911019141231,0.1608898085876875,NVDA_2020-07-31,NVDA,0.2551948051948052,-0.1368374641395851,0.1683911019141231,high_growth,large_positive,medium,contraction,mixed,NVDA_2020-08-19,NVDA_2020-08-19,-0.039268021251158594,0.0490419126207261,0.0531317380410658,1
2020-10-31,2020-11-18,0.073,0.064,0.009,14.0625,post-market,NVDA,4726000000,2960000000,1398000000,1336000000,0.6263224714346171,0.2958104104951333,0.2826914938637325,NVDA_2020-10-31,NVDA,0.2224521469218829,0.1218016852760449,0.2958104104951333,high_growth,large_positive,high,expansion,strong_fundamentals,NVDA_2020-11-18,NVDA_2020-11-18,-0.0079787048786664,-0.0258366040624104,-0.054489734965559096,1
2021-01-31,2021-02-24,0.0775,0.08,-0.0025,-3.125,post-market,NVDA,5003000000,3156000000,1507000000,1457000000,0.6308215070957426,0.3012192684389366,0.2912252648410953,NVDA_2021-01-31,NVDA,0.0586119339822259,0.0085337709773627,0.3012192684389366,moderate_growth,moderate_negative,high,expansion,mixed,NVDA_2021-02-24,NVDA_2021-02-24,-0.020268552165449,0.0042037615975354,-0.024591836572256102,0
2021-04-30,2021-05-26,0.0915,0.0822,0.0093,11.3139,post-market,NVDA,5661000000,3629000000,1956000000,1912000000,0.6410528175234057,0.3455219925808161,0.3377495142201024,NVDA_2021-04-30,NVDA,0.1315210873475913,0.0465242493790071,0.3455219925808161,high_growth,large_positive,high,expansion,strong_fundamentals,NVDA_2021-05-26,NVDA_2021-05-26,-0.0143701140818859,0.05305714391817709,0.08721618508643049,1
2021-07-31,2021-08-18,0.104,0.102,0.002,1.9608,post-market,NVDA,6507000000,4215000000,2444000000,2374000000,0.6477639465191333,0.3755955125249731,0.3648378669125557,NVDA_2021-07-31,NVDA,0.1494435612082671,0.0270883526924533,0.3755955125249731,high_growth,small,high,expansion,mixed,NVDA_2021-08-18,NVDA_2021-08-18,0.0178537705962069,0.035955986316424,0.0726358673464585,1
2021-10-31,2021-11-17,0.117,0.111,0.006,5.4054,post-market,NVDA,7103000000,4631000000,2671000000,2464000000,0.6519780374489652,0.3760382936787273,0.3468956778825848,NVDA_2021-10-31,NVDA,0.0915936683571538,-0.0179421890299709,0.3760382936787273,moderate_growth,moderate_positive,high,contraction,mixed,NVDA_2021-11-17,NVDA_2021-11-17,0.034190262924532394,0.0525317156442413,0.021213326853942796,1
2022-01-31,2022-02-16,0.132,0.123,0.009,7.3171,post-market,NVDA,7643000000,4999000000,2970000000,3003000000,0.6540625408870863,0.3885908674604213,0.3929085437655371,NVDA_2022-01-31,NVDA,0.0760242151203716,0.0460128658829522,0.3885908674604213,moderate_growth,moderate_positive,high,expansion,strong_fundamentals,NVDA_2022-02-16,NVDA_2022-02-16,0.0182395741679531,0.0168071339307434,0.001184856148014399,1
2022-04-30,2022-05-25,0.136,0.13,0.006,4.6154,post-market,NVDA,8288000000,5431000000,1868000000,1618000000,0.655284749034749,0.2253861003861003,0.1952220077220077,NVDA_2022-04-30,NVDA,0.0843909459636269,-0.1976865360435293,0.2253861003861003,moderate_growth,moderate_positive,medium,contraction,mixed,NVDA_2022-05-25,NVDA_2022-05-25,0.0236690278959386,-0.0057867535413664,-0.024479441555114202,1
2022-07-31,2022-08-24,0.051,0.0499,0.0011,2.2044,post-market,NVDA,6704000000,2915000000,499000000,656000000,0.4348150357995227,0.0744331742243436,0.0978520286396181,NVDA_2022-07-31,NVDA,-0.191119691119691,-0.0973699790823896,0.0744331742243436,negative_growth,small,low,contraction,mixed,NVDA_2022-08-24,NVDA_2022-08-24,0.0159542597685118,-0.006545076016157402,-0.0293779753957535,1
2022-10-31,2022-11-16,0.058,0.071,-0.013,-18.3099,post-market,NVDA,5931000000,3177000000,601000000,680000000,0.5356600910470409,0.1013319844882819,0.114651829371101,NVDA_2022-10-31,NVDA,-0.1153042959427207,0.0167998007314828,0.1013319844882819,negative_growth,large_negative,medium,expansion,mixed,NVDA_2022-11-16,NVDA_2022-11-16,-0.0236718783490492,-0.019708050123118596,0.0020914269935109024,0
2023-01-31,2023-02-22,0.088,0.081,0.007,8.642,post-market,NVDA,6051000000,3833000000,1256000000,1414000000,0.6334490166914559,0.2075689968600231,0.2336803834077012,NVDA_2023-01-31,NVDA,0.0202326757713706,0.1190285540366002,0.2075689968600231,moderate_growth,moderate_positive,medium,expansion,mixed,NVDA_2023-02-22,NVDA_2023-02-22,0.1308160325788018,0.1420754878175353,0.11650810153667089,1
2023-04-30,2023-05-24,0.109,0.092,0.017,18.4783,post-market,NVDA,7192000000,4648000000,2140000000,2043000000,0.646273637374861,0.2975528364849833,0.2840656284760845,NVDA_2023-04-30,NVDA,0.1885638737398776,0.0503852450683833,0.2975528364849833,high_growth,large_positive,high,expansion,strong_fundamentals,NVDA_2023-05-24,NVDA_2023-05-24,0.2136160414353879,0.1798954769066582,0.16699045320410671,1
2023-07-31,2023-08-23,0.27,0.207,0.063,30.4348,post-market,NVDA,13507000000,9462000000,6800000000,6188000000,0.7005256533649219,0.5034426593618124,0.4581328200192492,NVDA_2023-07-31,NVDA,0.8780589543937709,0.1740671915431647,0.5034426593618124,high_growth,large_positive,high,expansion,strong_fundamentals,NVDA_2023-08-23,NVDA_2023-08-23,-0.0002030473081374995,0.0076884139096635995,0.006400994451110303,1
2023-10-31,2023-11-21,0.402,0.336,0.066,19.6429,post-market,NVDA,18120000000,13400000000,10417000000,9243000000,0.739514348785872,0.5748896247240618,0.5100993377483444,NVDA_2023-10-31,NVDA,0.3415266158288295,0.0519665177290951,0.5748896247240618,high_growth,large_positive,high,expansion,strong_fundamentals,NVDA_2023-11-21,NVDA_2023-11-21,-0.0402072109642731,-0.0402072109642731,-0.0598834433259426,1
2024-01-31,2024-02-21,0.516,0.461,0.055,11.9306,post-market,NVDA,22103000000,16791000000,13614000000,12285000000,0.759670632945754,0.6159344885309687,0.5558069040401755,NVDA_2024-01-31,NVDA,0.2198123620309051,0.0457075662918311,0.6159344885309687,high_growth,large_positive,high,expansion,strong_fundamentals,NVDA_2024-02-21,NVDA_2024-02-21,0.06310027281481459,0.07083472758277749,0.08824200410618699,1
2024-04-30,2024-05-22,0.612,0.559,0.053,9.4812,post-market,NVDA,26044000000,20406000000,16909000000,14881000000,0.7835201965903855,0.6492474274305022,0.5713792044232837,NVDA_2024-04-30,NVDA,0.1783015880197258,0.0155723003831081,0.6492474274305022,high_growth,moderate_positive,high,expansion,strong_fundamentals,NVDA_2024-05-22,NVDA_2024-05-22,0.0930600175673594,0.0964308598351211,0.07486680537153059,1
2024-07-31,2024-08-28,0.68,0.63,0.05,7.9365,post-market,NVDA,30040000000,22574000000,18642000000,16599000000,0.7514647137150466,0.620572569906791,0.5525632490013316,NVDA_2024-07-31,NVDA,0.1534326524343419,-0.0188159554219521,0.620572569906791,high_growth,moderate_positive,high,contraction,mixed,NVDA_2024-08-28,NVDA_2024-08-28,-0.0506457948995962,-0.0683349461240372,-0.057276649714505495,1
2024-10-31,2024-11-20,0.81,0.75,0.06,8.0,post-market,NVDA,35082000000,26156000000,21869000000,19309000000,0.7455675275069836,0.6233681090017673,0.550396214582977,NVDA_2024-10-31,NVDA,0.1678428761651131,-0.0021670344183545,0.6233681090017673,high_growth,moderate_positive,high,stable,mixed,NVDA_2024-11-20,NVDA_2024-11-20,0.0196012487857815,-0.0464567676142693,-0.0755912127787356,1
2025-01-31,2025-02-26,0.89,0.85,0.04,4.7059,post-market,NVDA,39331000000,28723000000,24034000000,22091000000,0.7302890849457171,0.6110701482291322,0.5616689125626096,NVDA_2025-01-31,NVDA,0.1211162419474374,0.0112726979796325,0.6110701482291322,high_growth,moderate_positive,high,expansion,strong_fundamentals,NVDA_2025-02-26,NVDA_2025-02-26,0.008394322538197302,0.011726056707583102,-0.0131559939541879,1
2025-04-30,2025-05-28,0.81,0.75,0.06,8.0,post-market,NVDA,44062000000,26668000000,21638000000,18775000000,0.6052380736235304,0.4910807498524805,0.4261041260042667,NVDA_2025-04-30,NVDA,0.120286796674379,-0.1355647865583429,0.4910807498524805,high_growth,moderate_positive,high,contraction,mixed,NVDA_2025-05-28,NVDA_2025-05-28,0.0205125564211861,-0.003146300291195399,0.0152095648853257,1
2025-07-31,2025-08-27,1.05,1.01,0.04,3.9604,post-market,NVDA,46743000000,33853000000,28440000000,26422000000,0.724236784117408,0.6084333483088377,0.5652611086151937,NVDA_2025-07-31,NVDA,0.0608460805228996,0.139156982610927,0.6084333483088377,moderate_growth,moderate_positive,high,expansion,strong_fundamentals,NVDA_2025-08-27,NVDA_2025-08-27,-0.022119615177186497,-0.0285384562156918,-0.0418447901579607,1
2025-10-31,2025-11-19,1.3,1.24,0.06,4.8387,post-market,NVDA,57006000000,41849000000,36010000000,31910000000,0.7341157071185489,0.6316878925025436,0.5597656387046978,NVDA_2025-10-31,NVDA,0.2195622874013221,-0.0054954699104959,0.6316878925025436,high_growth,moderate_positive,high,contraction,mixed,NVDA_2025-11-19,NVDA_2025-11-19,0.006799904421649999,-0.0234976645902694,-0.026724459658114,1
